DATAFLOW,LAST UPDATE,freq,unit,na_item,geo,TIME_PERIOD,OBS_VALUE,OBS_FLAG
ESTAT:NAMA_10_GDP(1.0),25/07/22 23:00:00,A,CLV10_MEUR,B1GQ,AL,1995,4170.6,
ESTAT:NAMA_10_GDP(1.0),25/07/22 23:00:00,A,CLV10_MEUR,B1GQ,AL,1996,4468.3,
ESTAT:NAMA_10_GDP(1.0),25/07/22 23:00:00,A,CLV10_MEUR,B1GQ,AL,1997,3980.2,
ESTAT:NAMA_10_GDP(1.0),25/07/22 23:00:00,A,CLV10_MEUR,B1GQ,AL,1998,4331.6,
ESTAT:NAMA_10_GDP(1.0),25/07/22 23:00:00,A,CLV10_MEUR,B1GQ,AL,1999,4890.0,
ESTAT:NAMA_10_GDP(1.0),25/07/22 23:00:00,A,CLV10_MEUR,B1GQ,AL,2000,5229.7,
ESTAT:NAMA_10_GDP(1.0),25/07/22 23:00:00,A,CLV10_MEUR,B1GQ,AL,2001,5663.4,
ESTAT:NAMA_10_GDP(1.0),25/07/22 23:00:00,A,CLV10_MEUR,B1GQ,AL,2002,5920.3,
ESTAT:NAMA_10_GDP(1.0),25/07/22 23:00:00,A,CLV10_MEUR,B1GQ,AL,2003,6247.6,
ESTAT:NAMA_10_GDP(1.0),25/07/22 23:00:00,A,CLV10_MEUR,B1GQ,AL,2004,6592.2,
ESTAT:NAMA_10_GDP(1.0),25/07/22 23:00:00,A,CLV10_MEUR,B1GQ,AL,2005,6956.5,
ESTAT:NAMA_10_GDP(1.0),25/07/22 23:00:00,A,CLV10_MEUR,B1GQ,AL,2006,7367.1,
ESTAT:NAMA_10_GDP(1.0),25/07/22 23:00:00,A,CLV10_MEUR,B1GQ,AL,2007,7807.9,
ESTAT:NAMA_10_GDP(1.0),25/07/22 23:00:00,A,CLV10_MEUR,B1GQ,AL,2008,8393.5,d
ESTAT:NAMA_10_GDP(1.0),25/07/22 23:00:00,A,CLV10_MEUR,B1GQ,AL,2009,8675.0,
ESTAT:NAMA_10_GDP(1.0),25/07/22 23:00:00,A,CLV10_MEUR,B1GQ,AL,2010,8996.6,
ESTAT:NAMA_10_GDP(1.0),25/07/22 23:00:00,A,CLV10_MEUR,B1GQ,AL,2011,9225.6,
ESTAT:NAMA_10_GDP(1.0),25/07/22 23:00:00,A,CLV10_MEUR,B1GQ,AL,2012,9356.4,
ESTAT:NAMA_10_GDP(1.0),25/07/22 23:00:00,A,CLV10_MEUR,B1GQ,AL,2013,9450.1,d
ESTAT:NAMA_10_GDP(1.0),25/07/22 23:00:00,A,CLV10_MEUR,B1GQ,AL,2014,9617.8,
ESTAT:NAMA_10_GDP(1.0),25/07/22 23:00:00,A,CLV10_MEUR,B1GQ,AL,2015,9831.2,
ESTAT:NAMA_10_GDP(1.0),25/07/22 23:00:00,A,CLV10_MEUR,B1GQ,AL,2016,10157.1,
ESTAT:NAMA_10_GDP(1.0),25/07/22 23:00:00,A,CLV10_MEUR,B1GQ,AL,2017,10543.3,
ESTAT:NAMA_10_GDP(1.0),25/07/22 23:00:00,A,CLV10_MEUR,B1GQ,AL,2018,10967.1,
ESTAT:NAMA_10_GDP(1.0),25/07/22 23:00:00,A,CLV10_MEUR,B1GQ,AL,2019,11196.0,
ESTAT:NAMA_10_GDP(1.0),25/07/22 23:00:00,A,CLV10_MEUR,B1GQ,AL,2020,10806.2,p
ESTAT:NAMA_10_GDP(1.0),25/07/22 23:00:00,A,CLV10_MEUR,B1GQ,AT,1995,219275.7,
ESTAT:NAMA_10_GDP(1.0),25/07/22 23:00:00,A,CLV10_MEUR,B1GQ,AT,1996,224427.7,
ESTAT:NAMA_10_GDP(1.0),25/07/22 23:00:00,A,CLV10_MEUR,B1GQ,AT,1997,229126.3,
ESTAT:NAMA_10_GDP(1.0),25/07/22 23:00:00,A,CLV10_MEUR,B1GQ,AT,1998,237332.3,
ESTAT:NAMA_10_GDP(1.0),25/07/22 23:00:00,A,CLV10_MEUR,B1GQ,AT,1999,245772.6,
ESTAT:NAMA_10_GDP(1.0),25/07/22 23:00:00,A,CLV10_MEUR,B1GQ,AT,2000,254069.2,
ESTAT:NAMA_10_GDP(1.0),25/07/22 23:00:00,A,CLV10_MEUR,B1GQ,AT,2001,257288.7,
ESTAT:NAMA_10_GDP(1.0),25/07/22 23:00:00,A,CLV10_MEUR,B1GQ,AT,2002,261538.0,
ESTAT:NAMA_10_GDP(1.0),25/07/22 23:00:00,A,CLV10_MEUR,B1GQ,AT,2003,264000.3,
ESTAT:NAMA_10_GDP(1.0),25/07/22 23:00:00,A,CLV10_MEUR,B1GQ,AT,2004,271221.0,
ESTAT:NAMA_10_GDP(1.0),25/07/22 23:00:00,A,CLV10_MEUR,B1GQ,AT,2005,277307.4,
ESTAT:NAMA_10_GDP(1.0),25/07/22 23:00:00,A,CLV10_MEUR,B1GQ,AT,2006,286885.7,
ESTAT:NAMA_10_GDP(1.0),25/07/22 23:00:00,A,CLV10_MEUR,B1GQ,AT,2007,297579.1,
ESTAT:NAMA_10_GDP(1.0),25/07/22 23:00:00,A,CLV10_MEUR,B1GQ,AT,2008,301925.0,
ESTAT:NAMA_10_GDP(1.0),25/07/22 23:00:00,A,CLV10_MEUR,B1GQ,AT,2009,290558.8,
ESTAT:NAMA_10_GDP(1.0),25/07/22 23:00:00,A,CLV10_MEUR,B1GQ,AT,2010,295896.6,
ESTAT:NAMA_10_GDP(1.0),25/07/22 23:00:00,A,CLV10_MEUR,B1GQ,AT,2011,304545.1,
ESTAT:NAMA_10_GDP(1.0),25/07/22 23:00:00,A,CLV10_MEUR,B1GQ,AT,2012,306617.4,
ESTAT:NAMA_10_GDP(1.0),25/07/22 23:00:00,A,CLV10_MEUR,B1GQ,AT,2013,306695.6,
ESTAT:NAMA_10_GDP(1.0),25/07/22 23:00:00,A,CLV10_MEUR,B1GQ,AT,2014,308723.7,
ESTAT:NAMA_10_GDP(1.0),25/07/22 23:00:00,A,CLV10_MEUR,B1GQ,AT,2015,311855.7,
ESTAT:NAMA_10_GDP(1.0),25/07/22 23:00:00,A,CLV10_MEUR,B1GQ,AT,2016,318059.8,
ESTAT:NAMA_10_GDP(1.0),25/07/22 23:00:00,A,CLV10_MEUR,B1GQ,AT,2017,325243.4,
ESTAT:NAMA_10_GDP(1.0),25/07/22 23:00:00,A,CLV10_MEUR,B1GQ,AT,2018,333379.7,
ESTAT:NAMA_10_GDP(1.0),25/07/22 23:00:00,A,CLV10_MEUR,B1GQ,AT,2019,338351.1,
ESTAT:NAMA_10_GDP(1.0),25/07/22 23:00:00,A,CLV10_MEUR,B1GQ,AT,2020,315564.8,
ESTAT:NAMA_10_GDP(1.0),25/07/22 23:00:00,A,CLV10_MEUR,B1GQ,AT,2021,330646.7,
ESTAT:NAMA_10_GDP(1.0),25/07/22 23:00:00,A,CLV10_MEUR,B1GQ,BA,2000,9127.4,
ESTAT:NAMA_10_GDP(1.0),25/07/22 23:00:00,A,CLV10_MEUR,B1GQ,BA,2001,9348.6,
ESTAT:NAMA_10_GDP(1.0),25/07/22 23:00:00,A,CLV10_MEUR,B1GQ,BA,2002,9818.6,
ESTAT:NAMA_10_GDP(1.0),25/07/22 23:00:00,A,CLV10_MEUR,B1GQ,BA,2003,10198.3,
ESTAT:NAMA_10_GDP(1.0),25/07/22 23:00:00,A,CLV10_MEUR,B1GQ,BA,2004,10843.4,
ESTAT:NAMA_10_GDP(1.0),25/07/22 23:00:00,A,CLV10_MEUR,B1GQ,BA,2005,11266.0,
ESTAT:NAMA_10_GDP(1.0),25/07/22 23:00:00,A,CLV10_MEUR,B1GQ,BA,2006,11875.9,
ESTAT:NAMA_10_GDP(1.0),25/07/22 23:00:00,A,CLV10_MEUR,B1GQ,BA,2007,12571.7,
ESTAT:NAMA_10_GDP(1.0),25/07/22 23:00:00,A,CLV10_MEUR,B1GQ,BA,2008,13255.9,
ESTAT:NAMA_10_GDP(1.0),25/07/22 23:00:00,A,CLV10_MEUR,B1GQ,BA,2009,12857.6,
ESTAT:NAMA_10_GDP(1.0),25/07/22 23:00:00,A,CLV10_MEUR,B1GQ,BA,2010,12968.9,
ESTAT:NAMA_10_GDP(1.0),25/07/22 23:00:00,A,CLV10_MEUR,B1GQ,BA,2011,13093.3,
ESTAT:NAMA_10_GDP(1.0),25/07/22 23:00:00,A,CLV10_MEUR,B1GQ,BA,2012,12985.7,
ESTAT:NAMA_10_GDP(1.0),25/07/22 23:00:00,A,CLV10_MEUR,B1GQ,BA,2013,13290.9,
ESTAT:NAMA_10_GDP(1.0),25/07/22 23:00:00,A,CLV10_MEUR,B1GQ,BA,2014,13444.2,
ESTAT:NAMA_10_GDP(1.0),25/07/22 23:00:00,A,CLV10_MEUR,B1GQ,BA,2015,13859.5,
ESTAT:NAMA_10_GDP(1.0),25/07/22 23:00:00,A,CLV10_MEUR,B1GQ,BA,2016,14296.1,
ESTAT:NAMA_10_GDP(1.0),25/07/22 23:00:00,A,CLV10_MEUR,B1GQ,BA,2017,14749.5,
ESTAT:NAMA_10_GDP(1.0),25/07/22 23:00:00,A,CLV10_MEUR,B1GQ,BA,2018,15301.1,
ESTAT:NAMA_10_GDP(1.0),25/07/22 23:00:00,A,CLV10_MEUR,B1GQ,BA,2019,15734.3,
ESTAT:NAMA_10_GDP(1.0),25/07/22 23:00:00,A,CLV10_MEUR,B1GQ,BA,2020,15243.5,
ESTAT:NAMA_10_GDP(1.0),25/07/22 23:00:00,A,CLV10_MEUR,B1GQ,BA,2021,16326.1,
ESTAT:NAMA_10_GDP(1.0),25/07/22 23:00:00,A,CLV10_MEUR,B1GQ,BE,1995,266098.1,
ESTAT:NAMA_10_GDP(1.0),25/07/22 23:00:00,A,CLV10_MEUR,B1GQ,BE,1996,269614.4,
ESTAT:NAMA_10_GDP(1.0),25/07/22 23:00:00,A,CLV10_MEUR,B1GQ,BE,1997,279842.7,
ESTAT:NAMA_10_GDP(1.0),25/07/22 23:00:00,A,CLV10_MEUR,B1GQ,BE,1998,285332.7,
ESTAT:NAMA_10_GDP(1.0),25/07/22 23:00:00,A,CLV10_MEUR,B1GQ,BE,1999,295441.3,
ESTAT:NAMA_10_GDP(1.0),25/07/22 23:00:00,A,CLV10_MEUR,B1GQ,BE,2000,306421.9,
ESTAT:NAMA_10_GDP(1.0),25/07/22 23:00:00,A,CLV10_MEUR,B1GQ,BE,2001,309791.3,
ESTAT:NAMA_10_GDP(1.0),25/07/22 23:00:00,A,CLV10_MEUR,B1GQ,BE,2002,315079.1,
ESTAT:NAMA_10_GDP(1.0),25/07/22 23:00:00,A,CLV10_MEUR,B1GQ,BE,2003,318349.6,
ESTAT:NAMA_10_GDP(1.0),25/07/22 23:00:00,A,CLV10_MEUR,B1GQ,BE,2004,329718.5,
ESTAT:NAMA_10_GDP(1.0),25/07/22 23:00:00,A,CLV10_MEUR,B1GQ,BE,2005,337373.7,
ESTAT:NAMA_10_GDP(1.0),25/07/22 23:00:00,A,CLV10_MEUR,B1GQ,BE,2006,345984.7,
ESTAT:NAMA_10_GDP(1.0),25/07/22 23:00:00,A,CLV10_MEUR,B1GQ,BE,2007,358706.1,
ESTAT:NAMA_10_GDP(1.0),25/07/22 23:00:00,A,CLV10_MEUR,B1GQ,BE,2008,360309.3,
ESTAT:NAMA_10_GDP(1.0),25/07/22 23:00:00,A,CLV10_MEUR,B1GQ,BE,2009,353028.3,
ESTAT:NAMA_10_GDP(1.0),25/07/22 23:00:00,A,CLV10_MEUR,B1GQ,BE,2010,363140.1,
ESTAT:NAMA_10_GDP(1.0),25/07/22 23:00:00,A,CLV10_MEUR,B1GQ,BE,2011,369293.6,
ESTAT:NAMA_10_GDP(1.0),25/07/22 23:00:00,A,CLV10_MEUR,B1GQ,BE,2012,372023.4,
ESTAT:NAMA_10_GDP(1.0),25/07/22 23:00:00,A,CLV10_MEUR,B1GQ,BE,2013,373731.9,
ESTAT:NAMA_10_GDP(1.0),25/07/22 23:00:00,A,CLV10_MEUR,B1GQ,BE,2014,379631.4,
ESTAT:NAMA_10_GDP(1.0),25/07/22 23:00:00,A,CLV10_MEUR,B1GQ,BE,2015,387381.4,
ESTAT:NAMA_10_GDP(1.0),25/07/22 23:00:00,A,CLV10_MEUR,B1GQ,BE,2016,392288.3,
ESTAT:NAMA_10_GDP(1.0),25/07/22 23:00:00,A,CLV10_MEUR,B1GQ,BE,2017,398641.8,
ESTAT:NAMA_10_GDP(1.0),25/07/22 23:00:00,A,CLV10_MEUR,B1GQ,BE,2018,405992.3,
ESTAT:NAMA_10_GDP(1.0),25/07/22 23:00:00,A,CLV10_MEUR,B1GQ,BE,2019,414565.0,
ESTAT:NAMA_10_GDP(1.0),25/07/22 23:00:00,A,CLV10_MEUR,B1GQ,BE,2020,391014.6,p
ESTAT:NAMA_10_GDP(1.0),25/07/22 23:00:00,A,CLV10_MEUR,B1GQ,BE,2021,415432.4,p
ESTAT:NAMA_10_GDP(1.0),25/07/22 23:00:00,A,CLV10_MEUR,B1GQ,BG,1995,27226.8,
ESTAT:NAMA_10_GDP(1.0),25/07/22 23:00:00,A,CLV10_MEUR,B1GQ,BG,1996,28644.1,
ESTAT:NAMA_10_GDP(1.0),25/07/22 23:00:00,A,CLV10_MEUR,B1GQ,BG,1997,24600.8,
ESTAT:NAMA_10_GDP(1.0),25/07/22 23:00:00,A,CLV10_MEUR,B1GQ,BG,1998,25533.0,
ESTAT:NAMA_10_GDP(1.0),25/07/22 23:00:00,A,CLV10_MEUR,B1GQ,BG,1999,23389.2,
ESTAT:NAMA_10_GDP(1.0),25/07/22 23:00:00,A,CLV10_MEUR,B1GQ,BG,2000,24462.1,
ESTAT:NAMA_10_GDP(1.0),25/07/22 23:00:00,A,CLV10_MEUR,B1GQ,BG,2001,25397.5,
ESTAT:NAMA_10_GDP(1.0),25/07/22 23:00:00,A,CLV10_MEUR,B1GQ,BG,2002,26888.8,
ESTAT:NAMA_10_GDP(1.0),25/07/22 23:00:00,A,CLV10_MEUR,B1GQ,BG,2003,28297.0,
ESTAT:NAMA_10_GDP(1.0),25/07/22 23:00:00,A,CLV10_MEUR,B1GQ,BG,2004,30139.3,
ESTAT:NAMA_10_GDP(1.0),25/07/22 23:00:00,A,CLV10_MEUR,B1GQ,BG,2005,32266.0,
ESTAT:NAMA_10_GDP(1.0),25/07/22 23:00:00,A,CLV10_MEUR,B1GQ,BG,2006,34460.9,
ESTAT:NAMA_10_GDP(1.0),25/07/22 23:00:00,A,CLV10_MEUR,B1GQ,BG,2007,36732.4,
ESTAT:NAMA_10_GDP(1.0),25/07/22 23:00:00,A,CLV10_MEUR,B1GQ,BG,2008,38979.0,
ESTAT:NAMA_10_GDP(1.0),25/07/22 23:00:00,A,CLV10_MEUR,B1GQ,BG,2009,37703.6,
ESTAT:NAMA_10_GDP(1.0),25/07/22 23:00:00,A,CLV10_MEUR,B1GQ,BG,2010,38284.9,
ESTAT:NAMA_10_GDP(1.0),25/07/22 23:00:00,A,CLV10_MEUR,B1GQ,BG,2011,39089.4,
ESTAT:NAMA_10_GDP(1.0),25/07/22 23:00:00,A,CLV10_MEUR,B1GQ,BG,2012,39384.5,
ESTAT:NAMA_10_GDP(1.0),25/07/22 23:00:00,A,CLV10_MEUR,B1GQ,BG,2013,39163.7,
ESTAT:NAMA_10_GDP(1.0),25/07/22 23:00:00,A,CLV10_MEUR,B1GQ,BG,2014,39542.4,
ESTAT:NAMA_10_GDP(1.0),25/07/22 23:00:00,A,CLV10_MEUR,B1GQ,BG,2015,40897.9,
ESTAT:NAMA_10_GDP(1.0),25/07/22 23:00:00,A,CLV10_MEUR,B1GQ,BG,2016,42141.2,
ESTAT:NAMA_10_GDP(1.0),25/07/22 23:00:00,A,CLV10_MEUR,B1GQ,BG,2017,43305.2,
ESTAT:NAMA_10_GDP(1.0),25/07/22 23:00:00,A,CLV10_MEUR,B1GQ,BG,2018,44467.7,
ESTAT:NAMA_10_GDP(1.0),25/07/22 23:00:00,A,CLV10_MEUR,B1GQ,BG,2019,46263.1,
ESTAT:NAMA_10_GDP(1.0),25/07/22 23:00:00,A,CLV10_MEUR,B1GQ,BG,2020,44233.5,
ESTAT:NAMA_10_GDP(1.0),25/07/22 23:00:00,A,CLV10_MEUR,B1GQ,BG,2021,46081.5,p
ESTAT:NAMA_10_GDP(1.0),25/07/22 23:00:00,A,CLV10_MEUR,B1GQ,CH,1980,268829.0,
ESTAT:NAMA_10_GDP(1.0),25/07/22 23:00:00,A,CLV10_MEUR,B1GQ,CH,1981,273133.8,
ESTAT:NAMA_10_GDP(1.0),25/07/22 23:00:00,A,CLV10_MEUR,B1GQ,CH,1982,269557.4,
ESTAT:NAMA_10_GDP(1.0),25/07/22 23:00:00,A,CLV10_MEUR,B1GQ,CH,1983,271280.1,
ESTAT:NAMA_10_GDP(1.0),25/07/22 23:00:00,A,CLV10_MEUR,B1GQ,CH,1984,279441.4,
ESTAT:NAMA_10_GDP(1.0),25/07/22 23:00:00,A,CLV10_MEUR,B1GQ,CH,1985,289707.0,
ESTAT:NAMA_10_GDP(1.0),25/07/22 23:00:00,A,CLV10_MEUR,B1GQ,CH,1986,295091.5,
ESTAT:NAMA_10_GDP(1.0),25/07/22 23:00:00,A,CLV10_MEUR,B1GQ,CH,1987,299770.2,
ESTAT:NAMA_10_GDP(1.0),25/07/22 23:00:00,A,CLV10_MEUR,B1GQ,CH,1988,309595.4,
ESTAT:NAMA_10_GDP(1.0),25/07/22 23:00:00,A,CLV10_MEUR,B1GQ,CH,1989,323003.4,
ESTAT:NAMA_10_GDP(1.0),25/07/22 23:00:00,A,CLV10_MEUR,B1GQ,CH,1990,334872.5,
ESTAT:NAMA_10_GDP(1.0),25/07/22 23:00:00,A,CLV10_MEUR,B1GQ,CH,1991,331805.7,
ESTAT:NAMA_10_GDP(1.0),25/07/22 23:00:00,A,CLV10_MEUR,B1GQ,CH,1992,331660.6,
ESTAT:NAMA_10_GDP(1.0),25/07/22 23:00:00,A,CLV10_MEUR,B1GQ,CH,1993,331242.8,
ESTAT:NAMA_10_GDP(1.0),25/07/22 23:00:00,A,CLV10_MEUR,B1GQ,CH,1994,335448.7,
ESTAT:NAMA_10_GDP(1.0),25/07/22 23:00:00,A,CLV10_MEUR,B1GQ,CH,1995,337061.8,
ESTAT:NAMA_10_GDP(1.0),25/07/22 23:00:00,A,CLV10_MEUR,B1GQ,CH,1996,338726.6,
ESTAT:NAMA_10_GDP(1.0),25/07/22 23:00:00,A,CLV10_MEUR,B1GQ,CH,1997,346412.9,
ESTAT:NAMA_10_GDP(1.0),25/07/22 23:00:00,A,CLV10_MEUR,B1GQ,CH,1998,357031.6,
ESTAT:NAMA_10_GDP(1.0),25/07/22 23:00:00,A,CLV10_MEUR,B1GQ,CH,1999,363263.7,
ESTAT:NAMA_10_GDP(1.0),25/07/22 23:00:00,A,CLV10_MEUR,B1GQ,CH,2000,377708.5,
ESTAT:NAMA_10_GDP(1.0),25/07/22 23:00:00,A,CLV10_MEUR,B1GQ,CH,2001,383660.5,
ESTAT:NAMA_10_GDP(1.0),25/07/22 23:00:00,A,CLV10_MEUR,B1GQ,CH,2002,383639.4,
ESTAT:NAMA_10_GDP(1.0),25/07/22 23:00:00,A,CLV10_MEUR,B1GQ,CH,2003,383459.7,
ESTAT:NAMA_10_GDP(1.0),25/07/22 23:00:00,A,CLV10_MEUR,B1GQ,CH,2004,394279.1,
ESTAT:NAMA_10_GDP(1.0),25/07/22 23:00:00,A,CLV10_MEUR,B1GQ,CH,2005,405644.7,
ESTAT:NAMA_10_GDP(1.0),25/07/22 23:00:00,A,CLV10_MEUR,B1GQ,CH,2006,421931.4,
ESTAT:NAMA_10_GDP(1.0),25/07/22 23:00:00,A,CLV10_MEUR,B1GQ,CH,2007,438790.6,
ESTAT:NAMA_10_GDP(1.0),25/07/22 23:00:00,A,CLV10_MEUR,B1GQ,CH,2008,450881.5,
ESTAT:NAMA_10_GDP(1.0),25/07/22 23:00:00,A,CLV10_MEUR,B1GQ,CH,2009,441504.8,
ESTAT:NAMA_10_GDP(1.0),25/07/22 23:00:00,A,CLV10_MEUR,B1GQ,CH,2010,455933.7,
ESTAT:NAMA_10_GDP(1.0),25/07/22 23:00:00,A,CLV10_MEUR,B1GQ,CH,2011,464689.6,
ESTAT:NAMA_10_GDP(1.0),25/07/22 23:00:00,A,CLV10_MEUR,B1GQ,CH,2012,470345.8,
ESTAT:NAMA_10_GDP(1.0),25/07/22 23:00:00,A,CLV10_MEUR,B1GQ,CH,2013,478913.9,
ESTAT:NAMA_10_GDP(1.0),25/07/22 23:00:00,A,CLV10_MEUR,B1GQ,CH,2014,490632.2,
ESTAT:NAMA_10_GDP(1.0),25/07/22 23:00:00,A,CLV10_MEUR,B1GQ,CH,2015,498765.8,
ESTAT:NAMA_10_GDP(1.0),25/07/22 23:00:00,A,CLV10_MEUR,B1GQ,CH,2016,508966.5,
ESTAT:NAMA_10_GDP(1.0),25/07/22 23:00:00,A,CLV10_MEUR,B1GQ,CH,2017,517032.7,
ESTAT:NAMA_10_GDP(1.0),25/07/22 23:00:00,A,CLV10_MEUR,B1GQ,CH,2018,532114.0,
ESTAT:NAMA_10_GDP(1.0),25/07/22 23:00:00,A,CLV10_MEUR,B1GQ,CH,2019,538557.9,
ESTAT:NAMA_10_GDP(1.0),25/07/22 23:00:00,A,CLV10_MEUR,B1GQ,CH,2020,525671.1,
ESTAT:NAMA_10_GDP(1.0),25/07/22 23:00:00,A,CLV10_MEUR,B1GQ,CH,2021,545079.7,
ESTAT:NAMA_10_GDP(1.0),25/07/22 23:00:00,A,CLV10_MEUR,B1GQ,CY,1995,11386.8,
ESTAT:NAMA_10_GDP(1.0),25/07/22 23:00:00,A,CLV10_MEUR,B1GQ,CY,1996,11528.9,
ESTAT:NAMA_10_GDP(1.0),25/07/22 23:00:00,A,CLV10_MEUR,B1GQ,CY,1997,11833.4,
ESTAT:NAMA_10_GDP(1.0),25/07/22 23:00:00,A,CLV10_MEUR,B1GQ,CY,1998,12556.5,
ESTAT:NAMA_10_GDP(1.0),25/07/22 23:00:00,A,CLV10_MEUR,B1GQ,CY,1999,13184.1,
ESTAT:NAMA_10_GDP(1.0),25/07/22 23:00:00,A,CLV10_MEUR,B1GQ,CY,2000,13970.6,
ESTAT:NAMA_10_GDP(1.0),25/07/22 23:00:00,A,CLV10_MEUR,B1GQ,CY,2001,14522.8,
ESTAT:NAMA_10_GDP(1.0),25/07/22 23:00:00,A,CLV10_MEUR,B1GQ,CY,2002,15063.4,
ESTAT:NAMA_10_GDP(1.0),25/07/22 23:00:00,A,CLV10_MEUR,B1GQ,CY,2003,15458.6,
ESTAT:NAMA_10_GDP(1.0),25/07/22 23:00:00,A,CLV10_MEUR,B1GQ,CY,2004,16235.6,
ESTAT:NAMA_10_GDP(1.0),25/07/22 23:00:00,A,CLV10_MEUR,B1GQ,CY,2005,17023.5,
ESTAT:NAMA_10_GDP(1.0),25/07/22 23:00:00,A,CLV10_MEUR,B1GQ,CY,2006,17826.0,
ESTAT:NAMA_10_GDP(1.0),25/07/22 23:00:00,A,CLV10_MEUR,B1GQ,CY,2007,18734.7,
ESTAT:NAMA_10_GDP(1.0),25/07/22 23:00:00,A,CLV10_MEUR,B1GQ,CY,2008,19418.0,
ESTAT:NAMA_10_GDP(1.0),25/07/22 23:00:00,A,CLV10_MEUR,B1GQ,CY,2009,19026.6,
ESTAT:NAMA_10_GDP(1.0),25/07/22 23:00:00,A,CLV10_MEUR,B1GQ,CY,2010,19410.0,
ESTAT:NAMA_10_GDP(1.0),25/07/22 23:00:00,A,CLV10_MEUR,B1GQ,CY,2011,19487.9,
ESTAT:NAMA_10_GDP(1.0),25/07/22 23:00:00,A,CLV10_MEUR,B1GQ,CY,2012,18816.2,
ESTAT:NAMA_10_GDP(1.0),25/07/22 23:00:00,A,CLV10_MEUR,B1GQ,CY,2013,17583.1,
ESTAT:NAMA_10_GDP(1.0),25/07/22 23:00:00,A,CLV10_MEUR,B1GQ,CY,2014,17261.5,
ESTAT:NAMA_10_GDP(1.0),25/07/22 23:00:00,A,CLV10_MEUR,B1GQ,CY,2015,17845.5,
ESTAT:NAMA_10_GDP(1.0),25/07/22 23:00:00,A,CLV10_MEUR,B1GQ,CY,2016,18997.3,
ESTAT:NAMA_10_GDP(1.0),25/07/22 23:00:00,A,CLV10_MEUR,B1GQ,CY,2017,20109.1,
ESTAT:NAMA_10_GDP(1.0),25/07/22 23:00:00,A,CLV10_MEUR,B1GQ,CY,2018,21253.9,
ESTAT:NAMA_10_GDP(1.0),25/07/22 23:00:00,A,CLV10_MEUR,B1GQ,CY,2019,22376.8,
ESTAT:NAMA_10_GDP(1.0),25/07/22 23:00:00,A,CLV10_MEUR,B1GQ,CY,2020,21261.5,p
ESTAT:NAMA_10_GDP(1.0),25/07/22 23:00:00,A,CLV10_MEUR,B1GQ,CY,2021,22433.5,p
ESTAT:NAMA_10_GDP(1.0),25/07/22 23:00:00,A,CLV10_MEUR,B1GQ,CZ,1995,105831.3,
ESTAT:NAMA_10_GDP(1.0),25/07/22 23:00:00,A,CLV10_MEUR,B1GQ,CZ,1996,110345.4,
ESTAT:NAMA_10_GDP(1.0),25/07/22 23:00:00,A,CLV10_MEUR,B1GQ,CZ,1997,109773.5,
ESTAT:NAMA_10_GDP(1.0),25/07/22 23:00:00,A,CLV10_MEUR,B1GQ,CZ,1998,109382.0,
ESTAT:NAMA_10_GDP(1.0),25/07/22 23:00:00,A,CLV10_MEUR,B1GQ,CZ,1999,110896.0,
ESTAT:NAMA_10_GDP(1.0),25/07/22 23:00:00,A,CLV10_MEUR,B1GQ,CZ,2000,115333.0,
ESTAT:NAMA_10_GDP(1.0),25/07/22 23:00:00,A,CLV10_MEUR,B1GQ,CZ,2001,118842.6,
ESTAT:NAMA_10_GDP(1.0),25/07/22 23:00:00,A,CLV10_MEUR,B1GQ,CZ,2002,120708.2,
ESTAT:NAMA_10_GDP(1.0),25/07/22 23:00:00,A,CLV10_MEUR,B1GQ,CZ,2003,125034.0,
ESTAT:NAMA_10_GDP(1.0),25/07/22 23:00:00,A,CLV10_MEUR,B1GQ,CZ,2004,131053.5,
ESTAT:NAMA_10_GDP(1.0),25/07/22 23:00:00,A,CLV10_MEUR,B1GQ,CZ,2005,139705.2,
ESTAT:NAMA_10_GDP(1.0),25/07/22 23:00:00,A,CLV10_MEUR,B1GQ,CZ,2006,149158.9,
ESTAT:NAMA_10_GDP(1.0),25/07/22 23:00:00,A,CLV10_MEUR,B1GQ,CZ,2007,157467.6,
ESTAT:NAMA_10_GDP(1.0),25/07/22 23:00:00,A,CLV10_MEUR,B1GQ,CZ,2008,161697.8,
ESTAT:NAMA_10_GDP(1.0),25/07/22 23:00:00,A,CLV10_MEUR,B1GQ,CZ,2009,154167.0,
ESTAT:NAMA_10_GDP(1.0),25/07/22 23:00:00,A,CLV10_MEUR,B1GQ,CZ,2010,157920.8,
ESTAT:NAMA_10_GDP(1.0),25/07/22 23:00:00,A,CLV10_MEUR,B1GQ,CZ,2011,160700.8,
ESTAT:NAMA_10_GDP(1.0),25/07/22 23:00:00,A,CLV10_MEUR,B1GQ,CZ,2012,159439.3,
ESTAT:NAMA_10_GDP(1.0),25/07/22 23:00:00,A,CLV10_MEUR,B1GQ,CZ,2013,159366.1,
ESTAT:NAMA_10_GDP(1.0),25/07/22 23:00:00,A,CLV10_MEUR,B1GQ,CZ,2014,162971.1,
ESTAT:NAMA_10_GDP(1.0),25/07/22 23:00:00,A,CLV10_MEUR,B1GQ,CZ,2015,171752.6,
ESTAT:NAMA_10_GDP(1.0),25/07/22 23:00:00,A,CLV10_MEUR,B1GQ,CZ,2016,176110.5,
ESTAT:NAMA_10_GDP(1.0),25/07/22 23:00:00,A,CLV10_MEUR,B1GQ,CZ,2017,185213.1,
ESTAT:NAMA_10_GDP(1.0),25/07/22 23:00:00,A,CLV10_MEUR,B1GQ,CZ,2018,191177.2,
ESTAT:NAMA_10_GDP(1.0),25/07/22 23:00:00,A,CLV10_MEUR,B1GQ,CZ,2019,196969.6,
ESTAT:NAMA_10_GDP(1.0),25/07/22 23:00:00,A,CLV10_MEUR,B1GQ,CZ,2020,186130.4,
ESTAT:NAMA_10_GDP(1.0),25/07/22 23:00:00,A,CLV10_MEUR,B1GQ,CZ,2021,192727.3,
ESTAT:NAMA_10_GDP(1.0),25/07/22 23:00:00,A,CLV10_MEUR,B1GQ,DE,1991,2044382.0,
ESTAT:NAMA_10_GDP(1.0),25/07/22 23:00:00,A,CLV10_MEUR,B1GQ,DE,1992,2083697.0,
ESTAT:NAMA_10_GDP(1.0),25/07/22 23:00:00,A,CLV10_MEUR,B1GQ,DE,1993,2063342.4,
ESTAT:NAMA_10_GDP(1.0),25/07/22 23:00:00,A,CLV10_MEUR,B1GQ,DE,1994,2112695.3,
ESTAT:NAMA_10_GDP(1.0),25/07/22 23:00:00,A,CLV10_MEUR,B1GQ,DE,1995,2145318.4,
ESTAT:NAMA_10_GDP(1.0),25/07/22 23:00:00,A,CLV10_MEUR,B1GQ,DE,1996,2162605.9,
ESTAT:NAMA_10_GDP(1.0),25/07/22 23:00:00,A,CLV10_MEUR,B1GQ,DE,1997,2201363.3,
ESTAT:NAMA_10_GDP(1.0),25/07/22 23:00:00,A,CLV10_MEUR,B1GQ,DE,1998,2245697.2,
ESTAT:NAMA_10_GDP(1.0),25/07/22 23:00:00,A,CLV10_MEUR,B1GQ,DE,1999,2288079.4,
ESTAT:NAMA_10_GDP(1.0),25/07/22 23:00:00,A,CLV10_MEUR,B1GQ,DE,2000,2354719.8,
ESTAT:NAMA_10_GDP(1.0),25/07/22 23:00:00,A,CLV10_MEUR,B1GQ,DE,2001,2394313.7,
ESTAT:NAMA_10_GDP(1.0),25/07/22 23:00:00,A,CLV10_MEUR,B1GQ,DE,2002,2389573.6,
ESTAT:NAMA_10_GDP(1.0),25/07/22 23:00:00,A,CLV10_MEUR,B1GQ,DE,2003,2372843.7,
ESTAT:NAMA_10_GDP(1.0),25/07/22 23:00:00,A,CLV10_MEUR,B1GQ,DE,2004,2400726.8,
ESTAT:NAMA_10_GDP(1.0),25/07/22 23:00:00,A,CLV10_MEUR,B1GQ,DE,2005,2418293.0,
ESTAT:NAMA_10_GDP(1.0),25/07/22 23:00:00,A,CLV10_MEUR,B1GQ,DE,2006,2510585.8,
ESTAT:NAMA_10_GDP(1.0),25/07/22 23:00:00,A,CLV10_MEUR,B1GQ,DE,2007,2585312.3,
ESTAT:NAMA_10_GDP(1.0),25/07/22 23:00:00,A,CLV10_MEUR,B1GQ,DE,2008,2610128.1,
ESTAT:NAMA_10_GDP(1.0),25/07/22 23:00:00,A,CLV10_MEUR,B1GQ,DE,2009,2461511.7,
ESTAT:NAMA_10_GDP(1.0),25/07/22 23:00:00,A,CLV10_MEUR,B1GQ,DE,2010,2564400.0,
ESTAT:NAMA_10_GDP(1.0),25/07/22 23:00:00,A,CLV10_MEUR,B1GQ,DE,2011,2665057.6,
ESTAT:NAMA_10_GDP(1.0),25/07/22 23:00:00,A,CLV10_MEUR,B1GQ,DE,2012,2676210.8,
ESTAT:NAMA_10_GDP(1.0),25/07/22 23:00:00,A,CLV10_MEUR,B1GQ,DE,2013,2687921.7,
ESTAT:NAMA_10_GDP(1.0),25/07/22 23:00:00,A,CLV10_MEUR,B1GQ,DE,2014,2747312.5,
ESTAT:NAMA_10_GDP(1.0),25/07/22 23:00:00,A,CLV10_MEUR,B1GQ,DE,2015,2788300.5,
ESTAT:NAMA_10_GDP(1.0),25/07/22 23:00:00,A,CLV10_MEUR,B1GQ,DE,2016,2850479.6,
ESTAT:NAMA_10_GDP(1.0),25/07/22 23:00:00,A,CLV10_MEUR,B1GQ,DE,2017,2926879.1,
ESTAT:NAMA_10_GDP(1.0),25/07/22 23:00:00,A,CLV10_MEUR,B1GQ,DE,2018,2958665.7,p
ESTAT:NAMA_10_GDP(1.0),25/07/22 23:00:00,A,CLV10_MEUR,B1GQ,DE,2019,2989894.7,p
ESTAT:NAMA_10_GDP(1.0),25/07/22 23:00:00,A,CLV10_MEUR,B1GQ,DE,2020,2853267.9,p
ESTAT:NAMA_10_GDP(1.0),25/07/22 23:00:00,A,CLV10_MEUR,B1GQ,DE,2021,2935801.6,p
ESTAT:NAMA_10_GDP(1.0),25/07/22 23:00:00,A,CLV10_MEUR,B1GQ,DK,1975,123432.5,
ESTAT:NAMA_10_GDP(1.0),25/07/22 23:00:00,A,CLV10_MEUR,B1GQ,DK,1976,130745.3,
ESTAT:NAMA_10_GDP(1.0),25/07/22 23:00:00,A,CLV10_MEUR,B1GQ,DK,1977,133190.7,
ESTAT:NAMA_10_GDP(1.0),25/07/22 23:00:00,A,CLV10_MEUR,B1GQ,DK,1978,136155.9,
ESTAT:NAMA_10_GDP(1.0),25/07/22 23:00:00,A,CLV10_MEUR,B1GQ,DK,1979,141423.9,
ESTAT:NAMA_10_GDP(1.0),25/07/22 23:00:00,A,CLV10_MEUR,B1GQ,DK,1980,140740.9,
ESTAT:NAMA_10_GDP(1.0),25/07/22 23:00:00,A,CLV10_MEUR,B1GQ,DK,1981,139803.4,
ESTAT:NAMA_10_GDP(1.0),25/07/22 23:00:00,A,CLV10_MEUR,B1GQ,DK,1982,144954.5,
ESTAT:NAMA_10_GDP(1.0),25/07/22 23:00:00,A,CLV10_MEUR,B1GQ,DK,1983,148717.6,
ESTAT:NAMA_10_GDP(1.0),25/07/22 23:00:00,A,CLV10_MEUR,B1GQ,DK,1984,154913.4,
ESTAT:NAMA_10_GDP(1.0),25/07/22 23:00:00,A,CLV10_MEUR,B1GQ,DK,1985,161115.8,
ESTAT:NAMA_10_GDP(1.0),25/07/22 23:00:00,A,CLV10_MEUR,B1GQ,DK,1986,169017.2,
ESTAT:NAMA_10_GDP(1.0),25/07/22 23:00:00,A,CLV10_MEUR,B1GQ,DK,1987,169446.9,
ESTAT:NAMA_10_GDP(1.0),25/07/22 23:00:00,A,CLV10_MEUR,B1GQ,DK,1988,169423.9,
ESTAT:NAMA_10_GDP(1.0),25/07/22 23:00:00,A,CLV10_MEUR,B1GQ,DK,1989,170517.0,
ESTAT:NAMA_10_GDP(1.0),25/07/22 23:00:00,A,CLV10_MEUR,B1GQ,DK,1990,173032.5,
ESTAT:NAMA_10_GDP(1.0),25/07/22 23:00:00,A,CLV10_MEUR,B1GQ,DK,1991,175444.0,
ESTAT:NAMA_10_GDP(1.0),25/07/22 23:00:00,A,CLV10_MEUR,B1GQ,DK,1992,178877.4,
ESTAT:NAMA_10_GDP(1.0),25/07/22 23:00:00,A,CLV10_MEUR,B1GQ,DK,1993,178896.5,
ESTAT:NAMA_10_GDP(1.0),25/07/22 23:00:00,A,CLV10_MEUR,B1GQ,DK,1994,188436.1,
ESTAT:NAMA_10_GDP(1.0),25/07/22 23:00:00,A,CLV10_MEUR,B1GQ,DK,1995,194141.2,
ESTAT:NAMA_10_GDP(1.0),25/07/22 23:00:00,A,CLV10_MEUR,B1GQ,DK,1996,199771.5,
ESTAT:NAMA_10_GDP(1.0),25/07/22 23:00:00,A,CLV10_MEUR,B1GQ,DK,1997,206285.8,
ESTAT:NAMA_10_GDP(1.0),25/07/22 23:00:00,A,CLV10_MEUR,B1GQ,DK,1998,210861.5,
ESTAT:NAMA_10_GDP(1.0),25/07/22 23:00:00,A,CLV10_MEUR,B1GQ,DK,1999,217077.8,
ESTAT:NAMA_10_GDP(1.0),25/07/22 23:00:00,A,CLV10_MEUR,B1GQ,DK,2000,225211.4,
ESTAT:NAMA_10_GDP(1.0),25/07/22 23:00:00,A,CLV10_MEUR,B1GQ,DK,2001,227065.2,
ESTAT:NAMA_10_GDP(1.0),25/07/22 23:00:00,A,CLV10_MEUR,B1GQ,DK,2002,228124.1,
ESTAT:NAMA_10_GDP(1.0),25/07/22 23:00:00,A,CLV10_MEUR,B1GQ,DK,2003,229014.0,
ESTAT:NAMA_10_GDP(1.0),25/07/22 23:00:00,A,CLV10_MEUR,B1GQ,DK,2004,235124.6,
ESTAT:NAMA_10_GDP(1.0),25/07/22 23:00:00,A,CLV10_MEUR,B1GQ,DK,2005,240618.6,
ESTAT:NAMA_10_GDP(1.0),25/07/22 23:00:00,A,CLV10_MEUR,B1GQ,DK,2006,250034.0,
ESTAT:NAMA_10_GDP(1.0),25/07/22 23:00:00,A,CLV10_MEUR,B1GQ,DK,2007,252307.4,
ESTAT:NAMA_10_GDP(1.0),25/07/22 23:00:00,A,CLV10_MEUR,B1GQ,DK,2008,251015.5,
ESTAT:NAMA_10_GDP(1.0),25/07/22 23:00:00,A,CLV10_MEUR,B1GQ,DK,2009,238699.3,
ESTAT:NAMA_10_GDP(1.0),25/07/22 23:00:00,A,CLV10_MEUR,B1GQ,DK,2010,243165.4,
ESTAT:NAMA_10_GDP(1.0),25/07/22 23:00:00,A,CLV10_MEUR,B1GQ,DK,2011,246416.0,
ESTAT:NAMA_10_GDP(1.0),25/07/22 23:00:00,A,CLV10_MEUR,B1GQ,DK,2012,246974.1,
ESTAT:NAMA_10_GDP(1.0),25/07/22 23:00:00,A,CLV10_MEUR,B1GQ,DK,2013,249279.2,
ESTAT:NAMA_10_GDP(1.0),25/07/22 23:00:00,A,CLV10_MEUR,B1GQ,DK,2014,253316.0,
ESTAT:NAMA_10_GDP(1.0),25/07/22 23:00:00,A,CLV10_MEUR,B1GQ,DK,2015,259250.2,
ESTAT:NAMA_10_GDP(1.0),25/07/22 23:00:00,A,CLV10_MEUR,B1GQ,DK,2016,267665.3,
ESTAT:NAMA_10_GDP(1.0),25/07/22 23:00:00,A,CLV10_MEUR,B1GQ,DK,2017,275218.1,
ESTAT:NAMA_10_GDP(1.0),25/07/22 23:00:00,A,CLV10_MEUR,B1GQ,DK,2018,280693.7,
ESTAT:NAMA_10_GDP(1.0),25/07/22 23:00:00,A,CLV10_MEUR,B1GQ,DK,2019,284885.8,
ESTAT:NAMA_10_GDP(1.0),25/07/22 23:00:00,A,CLV10_MEUR,B1GQ,DK,2020,279203.5,
ESTAT:NAMA_10_GDP(1.0),25/07/22 23:00:00,A,CLV10_MEUR,B1GQ,DK,2021,292760.8,
ESTAT:NAMA_10_GDP(1.0),25/07/22 23:00:00,A,CLV10_MEUR,B1GQ,EE,1995,7783.2,
ESTAT:NAMA_10_GDP(1.0),25/07/22 23:00:00,A,CLV10_MEUR,B1GQ,EE,1996,8168.0,
ESTAT:NAMA_10_GDP(1.0),25/07/22 23:00:00,A,CLV10_MEUR,B1GQ,EE,1997,9233.9,
ESTAT:NAMA_10_GDP(1.0),25/07/22 23:00:00,A,CLV10_MEUR,B1GQ,EE,1998,9634.6,
ESTAT:NAMA_10_GDP(1.0),25/07/22 23:00:00,A,CLV10_MEUR,B1GQ,EE,1999,9593.7,
ESTAT:NAMA_10_GDP(1.0),25/07/22 23:00:00,A,CLV10_MEUR,B1GQ,EE,2000,10561.4,
ESTAT:NAMA_10_GDP(1.0),25/07/22 23:00:00,A,CLV10_MEUR,B1GQ,EE,2001,11195.5,
ESTAT:NAMA_10_GDP(1.0),25/07/22 23:00:00,A,CLV10_MEUR,B1GQ,EE,2002,11953.6,
ESTAT:NAMA_10_GDP(1.0),25/07/22 23:00:00,A,CLV10_MEUR,B1GQ,EE,2003,12862.1,
ESTAT:NAMA_10_GDP(1.0),25/07/22 23:00:00,A,CLV10_MEUR,B1GQ,EE,2004,13737.2,
ESTAT:NAMA_10_GDP(1.0),25/07/22 23:00:00,A,CLV10_MEUR,B1GQ,EE,2005,15045.9,
ESTAT:NAMA_10_GDP(1.0),25/07/22 23:00:00,A,CLV10_MEUR,B1GQ,EE,2006,16515.2,
ESTAT:NAMA_10_GDP(1.0),25/07/22 23:00:00,A,CLV10_MEUR,B1GQ,EE,2007,17766.9,
ESTAT:NAMA_10_GDP(1.0),25/07/22 23:00:00,A,CLV10_MEUR,B1GQ,EE,2008,16855.1,
ESTAT:NAMA_10_GDP(1.0),25/07/22 23:00:00,A,CLV10_MEUR,B1GQ,EE,2009,14389.4,
ESTAT:NAMA_10_GDP(1.0),25/07/22 23:00:00,A,CLV10_MEUR,B1GQ,EE,2010,14741.1,
ESTAT:NAMA_10_GDP(1.0),25/07/22 23:00:00,A,CLV10_MEUR,B1GQ,EE,2011,15811.8,
ESTAT:NAMA_10_GDP(1.0),25/07/22 23:00:00,A,CLV10_MEUR,B1GQ,EE,2012,16322.2,
ESTAT:NAMA_10_GDP(1.0),25/07/22 23:00:00,A,CLV10_MEUR,B1GQ,EE,2013,16560.2,
ESTAT:NAMA_10_GDP(1.0),25/07/22 23:00:00,A,CLV10_MEUR,B1GQ,EE,2014,17058.9,
ESTAT:NAMA_10_GDP(1.0),25/07/22 23:00:00,A,CLV10_MEUR,B1GQ,EE,2015,17375.0,
ESTAT:NAMA_10_GDP(1.0),25/07/22 23:00:00,A,CLV10_MEUR,B1GQ,EE,2016,17923.3,
ESTAT:NAMA_10_GDP(1.0),25/07/22 23:00:00,A,CLV10_MEUR,B1GQ,EE,2017,18961.4,
ESTAT:NAMA_10_GDP(1.0),25/07/22 23:00:00,A,CLV10_MEUR,B1GQ,EE,2018,19745.3,
ESTAT:NAMA_10_GDP(1.0),25/07/22 23:00:00,A,CLV10_MEUR,B1GQ,EE,2019,20554.1,
ESTAT:NAMA_10_GDP(1.0),25/07/22 23:00:00,A,CLV10_MEUR,B1GQ,EE,2020,19947.5,
ESTAT:NAMA_10_GDP(1.0),25/07/22 23:00:00,A,CLV10_MEUR,B1GQ,EE,2021,21613.1,
ESTAT:NAMA_10_GDP(1.0),25/07/22 23:00:00,A,CLV10_MEUR,B1GQ,EL,1995,157436.0,
ESTAT:NAMA_10_GDP(1.0),25/07/22 23:00:00,A,CLV10_MEUR,B1GQ,EL,1996,161942.0,
ESTAT:NAMA_10_GDP(1.0),25/07/22 23:00:00,A,CLV10_MEUR,B1GQ,EL,1997,169203.8,
ESTAT:NAMA_10_GDP(1.0),25/07/22 23:00:00,A,CLV10_MEUR,B1GQ,EL,1998,175794.1,
ESTAT:NAMA_10_GDP(1.0),25/07/22 23:00:00,A,CLV10_MEUR,B1GQ,EL,1999,181195.6,
ESTAT:NAMA_10_GDP(1.0),25/07/22 23:00:00,A,CLV10_MEUR,B1GQ,EL,2000,188298.0,
ESTAT:NAMA_10_GDP(1.0),25/07/22 23:00:00,A,CLV10_MEUR,B1GQ,EL,2001,196077.7,
ESTAT:NAMA_10_GDP(1.0),25/07/22 23:00:00,A,CLV10_MEUR,B1GQ,EL,2002,203769.6,
ESTAT:NAMA_10_GDP(1.0),25/07/22 23:00:00,A,CLV10_MEUR,B1GQ,EL,2003,215577.1,
ESTAT:NAMA_10_GDP(1.0),25/07/22 23:00:00,A,CLV10_MEUR,B1GQ,EL,2004,226487.5,
ESTAT:NAMA_10_GDP(1.0),25/07/22 23:00:00,A,CLV10_MEUR,B1GQ,EL,2005,227844.4,
ESTAT:NAMA_10_GDP(1.0),25/07/22 23:00:00,A,CLV10_MEUR,B1GQ,EL,2006,240723.2,
ESTAT:NAMA_10_GDP(1.0),25/07/22 23:00:00,A,CLV10_MEUR,B1GQ,EL,2007,248603.9,
ESTAT:NAMA_10_GDP(1.0),25/07/22 23:00:00,A,CLV10_MEUR,B1GQ,EL,2008,247770.6,
ESTAT:NAMA_10_GDP(1.0),25/07/22 23:00:00,A,CLV10_MEUR,B1GQ,EL,2009,237114.7,
ESTAT:NAMA_10_GDP(1.0),25/07/22 23:00:00,A,CLV10_MEUR,B1GQ,EL,2010,224124.0,b
ESTAT:NAMA_10_GDP(1.0),25/07/22 23:00:00,A,CLV10_MEUR,B1GQ,EL,2011,201377.0,
ESTAT:NAMA_10_GDP(1.0),25/07/22 23:00:00,A,CLV10_MEUR,B1GQ,EL,2012,187106.0,
ESTAT:NAMA_10_GDP(1.0),25/07/22 23:00:00,A,CLV10_MEUR,B1GQ,EL,2013,182398.4,
ESTAT:NAMA_10_GDP(1.0),25/07/22 23:00:00,A,CLV10_MEUR,B1GQ,EL,2014,183266.1,
ESTAT:NAMA_10_GDP(1.0),25/07/22 23:00:00,A,CLV10_MEUR,B1GQ,EL,2015,182906.7,
ESTAT:NAMA_10_GDP(1.0),25/07/22 23:00:00,A,CLV10_MEUR,B1GQ,EL,2016,182015.6,
ESTAT:NAMA_10_GDP(1.0),25/07/22 23:00:00,A,CLV10_MEUR,B1GQ,EL,2017,184003.5,
ESTAT:NAMA_10_GDP(1.0),25/07/22 23:00:00,A,CLV10_MEUR,B1GQ,EL,2018,187073.5,
ESTAT:NAMA_10_GDP(1.0),25/07/22 23:00:00,A,CLV10_MEUR,B1GQ,EL,2019,190447.5,p
ESTAT:NAMA_10_GDP(1.0),25/07/22 23:00:00,A,CLV10_MEUR,B1GQ,EL,2020,173270.8,p
ESTAT:NAMA_10_GDP(1.0),25/07/22 23:00:00,A,CLV10_MEUR,B1GQ,EL,2021,187714.9,p
ESTAT:NAMA_10_GDP(1.0),25/07/22 23:00:00,A,CLV10_MEUR,B1GQ,ES,1995,711968.9,
ESTAT:NAMA_10_GDP(1.0),25/07/22 23:00:00,A,CLV10_MEUR,B1GQ,ES,1996,730911.0,
ESTAT:NAMA_10_GDP(1.0),25/07/22 23:00:00,A,CLV10_MEUR,B1GQ,ES,1997,757973.6,
ESTAT:NAMA_10_GDP(1.0),25/07/22 23:00:00,A,CLV10_MEUR,B1GQ,ES,1998,791271.6,
ESTAT:NAMA_10_GDP(1.0),25/07/22 23:00:00,A,CLV10_MEUR,B1GQ,ES,1999,826803.6,
ESTAT:NAMA_10_GDP(1.0),25/07/22 23:00:00,A,CLV10_MEUR,B1GQ,ES,2000,870177.7,
ESTAT:NAMA_10_GDP(1.0),25/07/22 23:00:00,A,CLV10_MEUR,B1GQ,ES,2001,904401.3,
ESTAT:NAMA_10_GDP(1.0),25/07/22 23:00:00,A,CLV10_MEUR,B1GQ,ES,2002,929100.7,
ESTAT:NAMA_10_GDP(1.0),25/07/22 23:00:00,A,CLV10_MEUR,B1GQ,ES,2003,956805.5,
ESTAT:NAMA_10_GDP(1.0),25/07/22 23:00:00,A,CLV10_MEUR,B1GQ,ES,2004,986684.6,
ESTAT:NAMA_10_GDP(1.0),25/07/22 23:00:00,A,CLV10_MEUR,B1GQ,ES,2005,1022718.7,
ESTAT:NAMA_10_GDP(1.0),25/07/22 23:00:00,A,CLV10_MEUR,B1GQ,ES,2006,1064678.0,
ESTAT:NAMA_10_GDP(1.0),25/07/22 23:00:00,A,CLV10_MEUR,B1GQ,ES,2007,1103056.3,
ESTAT:NAMA_10_GDP(1.0),25/07/22 23:00:00,A,CLV10_MEUR,B1GQ,ES,2008,1112842.0,
ESTAT:NAMA_10_GDP(1.0),25/07/22 23:00:00,A,CLV10_MEUR,B1GQ,ES,2009,1070963.2,
ESTAT:NAMA_10_GDP(1.0),25/07/22 23:00:00,A,CLV10_MEUR,B1GQ,ES,2010,1072709.0,
ESTAT:NAMA_10_GDP(1.0),25/07/22 23:00:00,A,CLV10_MEUR,B1GQ,ES,2011,1063973.1,
ESTAT:NAMA_10_GDP(1.0),25/07/22 23:00:00,A,CLV10_MEUR,B1GQ,ES,2012,1032485.5,
ESTAT:NAMA_10_GDP(1.0),25/07/22 23:00:00,A,CLV10_MEUR,B1GQ,ES,2013,1017665.2,
ESTAT:NAMA_10_GDP(1.0),25/07/22 23:00:00,A,CLV10_MEUR,B1GQ,ES,2014,1031748.8,
ESTAT:NAMA_10_GDP(1.0),25/07/22 23:00:00,A,CLV10_MEUR,B1GQ,ES,2015,1071318.1,
ESTAT:NAMA_10_GDP(1.0),25/07/22 23:00:00,A,CLV10_MEUR,B1GQ,ES,2016,1103793.0,
ESTAT:NAMA_10_GDP(1.0),25/07/22 23:00:00,A,CLV10_MEUR,B1GQ,ES,2017,1136615.9,
ESTAT:NAMA_10_GDP(1.0),25/07/22 23:00:00,A,CLV10_MEUR,B1GQ,ES,2018,1162630.6,
ESTAT:NAMA_10_GDP(1.0),25/07/22 23:00:00,A,CLV10_MEUR,B1GQ,ES,2019,1186873.6,p
ESTAT:NAMA_10_GDP(1.0),25/07/22 23:00:00,A,CLV10_MEUR,B1GQ,ES,2020,1058419.7,p
ESTAT:NAMA_10_GDP(1.0),25/07/22 23:00:00,A,CLV10_MEUR,B1GQ,ES,2021,1112710.8,p
ESTAT:NAMA_10_GDP(1.0),25/07/22 23:00:00,A,CLV10_MEUR,B1GQ,FI,1980,92067.1,
ESTAT:NAMA_10_GDP(1.0),25/07/22 23:00:00,A,CLV10_MEUR,B1GQ,FI,1981,93278.6,
ESTAT:NAMA_10_GDP(1.0),25/07/22 23:00:00,A,CLV10_MEUR,B1GQ,FI,1982,96177.8,
ESTAT:NAMA_10_GDP(1.0),25/07/22 23:00:00,A,CLV10_MEUR,B1GQ,FI,1983,99175.2,
ESTAT:NAMA_10_GDP(1.0),25/07/22 23:00:00,A,CLV10_MEUR,B1GQ,FI,1984,102386.2,
ESTAT:NAMA_10_GDP(1.0),25/07/22 23:00:00,A,CLV10_MEUR,B1GQ,FI,1985,106019.8,
ESTAT:NAMA_10_GDP(1.0),25/07/22 23:00:00,A,CLV10_MEUR,B1GQ,FI,1986,108941.3,
ESTAT:NAMA_10_GDP(1.0),25/07/22 23:00:00,A,CLV10_MEUR,B1GQ,FI,1987,112835.8,
ESTAT:NAMA_10_GDP(1.0),25/07/22 23:00:00,A,CLV10_MEUR,B1GQ,FI,1988,118722.6,
ESTAT:NAMA_10_GDP(1.0),25/07/22 23:00:00,A,CLV10_MEUR,B1GQ,FI,1989,124762.2,
ESTAT:NAMA_10_GDP(1.0),25/07/22 23:00:00,A,CLV10_MEUR,B1GQ,FI,1990,125598.4,
ESTAT:NAMA_10_GDP(1.0),25/07/22 23:00:00,A,CLV10_MEUR,B1GQ,FI,1991,118205.3,
ESTAT:NAMA_10_GDP(1.0),25/07/22 23:00:00,A,CLV10_MEUR,B1GQ,FI,1992,114310.8,
ESTAT:NAMA_10_GDP(1.0),25/07/22 23:00:00,A,CLV10_MEUR,B1GQ,FI,1993,113554.1,
ESTAT:NAMA_10_GDP(1.0),25/07/22 23:00:00,A,CLV10_MEUR,B1GQ,FI,1994,118054.3,
ESTAT:NAMA_10_GDP(1.0),25/07/22 23:00:00,A,CLV10_MEUR,B1GQ,FI,1995,123032.5,
ESTAT:NAMA_10_GDP(1.0),25/07/22 23:00:00,A,CLV10_MEUR,B1GQ,FI,1996,127544.3,
ESTAT:NAMA_10_GDP(1.0),25/07/22 23:00:00,A,CLV10_MEUR,B1GQ,FI,1997,135622.7,
ESTAT:NAMA_10_GDP(1.0),25/07/22 23:00:00,A,CLV10_MEUR,B1GQ,FI,1998,143023.9,
ESTAT:NAMA_10_GDP(1.0),25/07/22 23:00:00,A,CLV10_MEUR,B1GQ,FI,1999,149287.7,
ESTAT:NAMA_10_GDP(1.0),25/07/22 23:00:00,A,CLV10_MEUR,B1GQ,FI,2000,157906.6,
ESTAT:NAMA_10_GDP(1.0),25/07/22 23:00:00,A,CLV10_MEUR,B1GQ,FI,2001,162028.0,
ESTAT:NAMA_10_GDP(1.0),25/07/22 23:00:00,A,CLV10_MEUR,B1GQ,FI,2002,164794.1,
ESTAT:NAMA_10_GDP(1.0),25/07/22 23:00:00,A,CLV10_MEUR,B1GQ,FI,2003,168096.2,
ESTAT:NAMA_10_GDP(1.0),25/07/22 23:00:00,A,CLV10_MEUR,B1GQ,FI,2004,174806.8,
ESTAT:NAMA_10_GDP(1.0),25/07/22 23:00:00,A,CLV10_MEUR,B1GQ,FI,2005,179666.1,
ESTAT:NAMA_10_GDP(1.0),25/07/22 23:00:00,A,CLV10_MEUR,B1GQ,FI,2006,186902.0,
ESTAT:NAMA_10_GDP(1.0),25/07/22 23:00:00,A,CLV10_MEUR,B1GQ,FI,2007,196806.6,
ESTAT:NAMA_10_GDP(1.0),25/07/22 23:00:00,A,CLV10_MEUR,B1GQ,FI,2008,198349.5,
ESTAT:NAMA_10_GDP(1.0),25/07/22 23:00:00,A,CLV10_MEUR,B1GQ,FI,2009,182333.9,
ESTAT:NAMA_10_GDP(1.0),25/07/22 23:00:00,A,CLV10_MEUR,B1GQ,FI,2010,188143.0,
ESTAT:NAMA_10_GDP(1.0),25/07/22 23:00:00,A,CLV10_MEUR,B1GQ,FI,2011,192936.3,
ESTAT:NAMA_10_GDP(1.0),25/07/22 23:00:00,A,CLV10_MEUR,B1GQ,FI,2012,190239.9,
ESTAT:NAMA_10_GDP(1.0),25/07/22 23:00:00,A,CLV10_MEUR,B1GQ,FI,2013,188524.5,
ESTAT:NAMA_10_GDP(1.0),25/07/22 23:00:00,A,CLV10_MEUR,B1GQ,FI,2014,187836.6,
ESTAT:NAMA_10_GDP(1.0),25/07/22 23:00:00,A,CLV10_MEUR,B1GQ,FI,2015,188857.7,
ESTAT:NAMA_10_GDP(1.0),25/07/22 23:00:00,A,CLV10_MEUR,B1GQ,FI,2016,194167.4,
ESTAT:NAMA_10_GDP(1.0),25/07/22 23:00:00,A,CLV10_MEUR,B1GQ,FI,2017,200366.0,
ESTAT:NAMA_10_GDP(1.0),25/07/22 23:00:00,A,CLV10_MEUR,B1GQ,FI,2018,202649.6,
ESTAT:NAMA_10_GDP(1.0),25/07/22 23:00:00,A,CLV10_MEUR,B1GQ,FI,2019,205131.6,
ESTAT:NAMA_10_GDP(1.0),25/07/22 23:00:00,A,CLV10_MEUR,B1GQ,FI,2020,200562.6,
ESTAT:NAMA_10_GDP(1.0),25/07/22 23:00:00,A,CLV10_MEUR,B1GQ,FI,2021,206625.4,
ESTAT:NAMA_10_GDP(1.0),25/07/22 23:00:00,A,CLV10_MEUR,B1GQ,FR,1975,947968.2,
ESTAT:NAMA_10_GDP(1.0),25/07/22 23:00:00,A,CLV10_MEUR,B1GQ,FR,1976,989268.9,
ESTAT:NAMA_10_GDP(1.0),25/07/22 23:00:00,A,CLV10_MEUR,B1GQ,FR,1977,1023540.3,
ESTAT:NAMA_10_GDP(1.0),25/07/22 23:00:00,A,CLV10_MEUR,B1GQ,FR,1978,1064262.3,
ESTAT:NAMA_10_GDP(1.0),25/07/22 23:00:00,A,CLV10_MEUR,B1GQ,FR,1979,1102043.5,
ESTAT:NAMA_10_GDP(1.0),25/07/22 23:00:00,A,CLV10_MEUR,B1GQ,FR,1980,1119441.9,
ESTAT:NAMA_10_GDP(1.0),25/07/22 23:00:00,A,CLV10_MEUR,B1GQ,FR,1981,1131409.0,
ESTAT:NAMA_10_GDP(1.0),25/07/22 23:00:00,A,CLV10_MEUR,B1GQ,FR,1982,1159755.3,
ESTAT:NAMA_10_GDP(1.0),25/07/22 23:00:00,A,CLV10_MEUR,B1GQ,FR,1983,1174146.3,
ESTAT:NAMA_10_GDP(1.0),25/07/22 23:00:00,A,CLV10_MEUR,B1GQ,FR,1984,1191919.6,
ESTAT:NAMA_10_GDP(1.0),25/07/22 23:00:00,A,CLV10_MEUR,B1GQ,FR,1985,1211261.8,
ESTAT:NAMA_10_GDP(1.0),25/07/22 23:00:00,A,CLV10_MEUR,B1GQ,FR,1986,1239572.4,
ESTAT:NAMA_10_GDP(1.0),25/07/22 23:00:00,A,CLV10_MEUR,B1GQ,FR,1987,1271329.0,
ESTAT:NAMA_10_GDP(1.0),25/07/22 23:00:00,A,CLV10_MEUR,B1GQ,FR,1988,1331629.9,
ESTAT:NAMA_10_GDP(1.0),25/07/22 23:00:00,A,CLV10_MEUR,B1GQ,FR,1989,1389474.1,
ESTAT:NAMA_10_GDP(1.0),25/07/22 23:00:00,A,CLV10_MEUR,B1GQ,FR,1990,1430101.4,
ESTAT:NAMA_10_GDP(1.0),25/07/22 23:00:00,A,CLV10_MEUR,B1GQ,FR,1991,1445091.3,
ESTAT:NAMA_10_GDP(1.0),25/07/22 23:00:00,A,CLV10_MEUR,B1GQ,FR,1992,1468203.3,
ESTAT:NAMA_10_GDP(1.0),25/07/22 23:00:00,A,CLV10_MEUR,B1GQ,FR,1993,1458973.2,
ESTAT:NAMA_10_GDP(1.0),25/07/22 23:00:00,A,CLV10_MEUR,B1GQ,FR,1994,1493380.8,
ESTAT:NAMA_10_GDP(1.0),25/07/22 23:00:00,A,CLV10_MEUR,B1GQ,FR,1995,1524841.8,
ESTAT:NAMA_10_GDP(1.0),25/07/22 23:00:00,A,CLV10_MEUR,B1GQ,FR,1996,1546387.7,
ESTAT:NAMA_10_GDP(1.0),25/07/22 23:00:00,A,CLV10_MEUR,B1GQ,FR,1997,1582515.9,
ESTAT:NAMA_10_GDP(1.0),25/07/22 23:00:00,A,CLV10_MEUR,B1GQ,FR,1998,1639307.0,
ESTAT:NAMA_10_GDP(1.0),25/07/22 23:00:00,A,CLV10_MEUR,B1GQ,FR,1999,1695393.8,
ESTAT:NAMA_10_GDP(1.0),25/07/22 23:00:00,A,CLV10_MEUR,B1GQ,FR,2000,1761915.5,
ESTAT:NAMA_10_GDP(1.0),25/07/22 23:00:00,A,CLV10_MEUR,B1GQ,FR,2001,1796867.0,
ESTAT:NAMA_10_GDP(1.0),25/07/22 23:00:00,A,CLV10_MEUR,B1GQ,FR,2002,1817270.9,
ESTAT:NAMA_10_GDP(1.0),25/07/22 23:00:00,A,CLV10_MEUR,B1GQ,FR,2003,1832230.0,
ESTAT:NAMA_10_GDP(1.0),25/07/22 23:00:00,A,CLV10_MEUR,B1GQ,FR,2004,1884077.6,
ESTAT:NAMA_10_GDP(1.0),25/07/22 23:00:00,A,CLV10_MEUR,B1GQ,FR,2005,1915413.9,
ESTAT:NAMA_10_GDP(1.0),25/07/22 23:00:00,A,CLV10_MEUR,B1GQ,FR,2006,1962328.6,
ESTAT:NAMA_10_GDP(1.0),25/07/22 23:00:00,A,CLV10_MEUR,B1GQ,FR,2007,2009909.9,
ESTAT:NAMA_10_GDP(1.0),25/07/22 23:00:00,A,CLV10_MEUR,B1GQ,FR,2008,2015034.1,
ESTAT:NAMA_10_GDP(1.0),25/07/22 23:00:00,A,CLV10_MEUR,B1GQ,FR,2009,1957135.9,
ESTAT:NAMA_10_GDP(1.0),25/07/22 23:00:00,A,CLV10_MEUR,B1GQ,FR,2010,1995289.0,
ESTAT:NAMA_10_GDP(1.0),25/07/22 23:00:00,A,CLV10_MEUR,B1GQ,FR,2011,2039039.7,
ESTAT:NAMA_10_GDP(1.0),25/07/22 23:00:00,A,CLV10_MEUR,B1GQ,FR,2012,2045424.7,
ESTAT:NAMA_10_GDP(1.0),25/07/22 23:00:00,A,CLV10_MEUR,B1GQ,FR,2013,2057213.0,
ESTAT:NAMA_10_GDP(1.0),25/07/22 23:00:00,A,CLV10_MEUR,B1GQ,FR,2014,2076883.7,
ESTAT:NAMA_10_GDP(1.0),25/07/22 23:00:00,A,CLV10_MEUR,B1GQ,FR,2015,2099997.6,
ESTAT:NAMA_10_GDP(1.0),25/07/22 23:00:00,A,CLV10_MEUR,B1GQ,FR,2016,2123002.3,
ESTAT:NAMA_10_GDP(1.0),25/07/22 23:00:00,A,CLV10_MEUR,B1GQ,FR,2017,2171649.2,
ESTAT:NAMA_10_GDP(1.0),25/07/22 23:00:00,A,CLV10_MEUR,B1GQ,FR,2018,2212151.9,
ESTAT:NAMA_10_GDP(1.0),25/07/22 23:00:00,A,CLV10_MEUR,B1GQ,FR,2019,2252921.3,p
ESTAT:NAMA_10_GDP(1.0),25/07/22 23:00:00,A,CLV10_MEUR,B1GQ,FR,2020,2077540.7,p
ESTAT:NAMA_10_GDP(1.0),25/07/22 23:00:00,A,CLV10_MEUR,B1GQ,FR,2021,2219158.1,
ESTAT:NAMA_10_GDP(1.0),25/07/22 23:00:00,A,CLV10_MEUR,B1GQ,HR,1995,30307.2,
ESTAT:NAMA_10_GDP(1.0),25/07/22 23:00:00,A,CLV10_MEUR,B1GQ,HR,1996,32118.2,
ESTAT:NAMA_10_GDP(1.0),25/07/22 23:00:00,A,CLV10_MEUR,B1GQ,HR,1997,34087.7,
ESTAT:NAMA_10_GDP(1.0),25/07/22 23:00:00,A,CLV10_MEUR,B1GQ,HR,1998,34839.6,
ESTAT:NAMA_10_GDP(1.0),25/07/22 23:00:00,A,CLV10_MEUR,B1GQ,HR,1999,34534.3,
ESTAT:NAMA_10_GDP(1.0),25/07/22 23:00:00,A,CLV10_MEUR,B1GQ,HR,2000,35534.2,
ESTAT:NAMA_10_GDP(1.0),25/07/22 23:00:00,A,CLV10_MEUR,B1GQ,HR,2001,36611.8,
ESTAT:NAMA_10_GDP(1.0),25/07/22 23:00:00,A,CLV10_MEUR,B1GQ,HR,2002,38706.8,
ESTAT:NAMA_10_GDP(1.0),25/07/22 23:00:00,A,CLV10_MEUR,B1GQ,HR,2003,40845.7,
ESTAT:NAMA_10_GDP(1.0),25/07/22 23:00:00,A,CLV10_MEUR,B1GQ,HR,2004,42540.5,
ESTAT:NAMA_10_GDP(1.0),25/07/22 23:00:00,A,CLV10_MEUR,B1GQ,HR,2005,44375.0,
ESTAT:NAMA_10_GDP(1.0),25/07/22 23:00:00,A,CLV10_MEUR,B1GQ,HR,2006,46566.4,
ESTAT:NAMA_10_GDP(1.0),25/07/22 23:00:00,A,CLV10_MEUR,B1GQ,HR,2007,48854.1,
ESTAT:NAMA_10_GDP(1.0),25/07/22 23:00:00,A,CLV10_MEUR,B1GQ,HR,2008,49780.1,
ESTAT:NAMA_10_GDP(1.0),25/07/22 23:00:00,A,CLV10_MEUR,B1GQ,HR,2009,46155.3,
ESTAT:NAMA_10_GDP(1.0),25/07/22 23:00:00,A,CLV10_MEUR,B1GQ,HR,2010,45578.0,
ESTAT:NAMA_10_GDP(1.0),25/07/22 23:00:00,A,CLV10_MEUR,B1GQ,HR,2011,45539.2,
ESTAT:NAMA_10_GDP(1.0),25/07/22 23:00:00,A,CLV10_MEUR,B1GQ,HR,2012,44502.8,
ESTAT:NAMA_10_GDP(1.0),25/07/22 23:00:00,A,CLV10_MEUR,B1GQ,HR,2013,44341.3,
ESTAT:NAMA_10_GDP(1.0),25/07/22 23:00:00,A,CLV10_MEUR,B1GQ,HR,2014,44187.9,
ESTAT:NAMA_10_GDP(1.0),25/07/22 23:00:00,A,CLV10_MEUR,B1GQ,HR,2015,45303.9,
ESTAT:NAMA_10_GDP(1.0),25/07/22 23:00:00,A,CLV10_MEUR,B1GQ,HR,2016,46904.2,
ESTAT:NAMA_10_GDP(1.0),25/07/22 23:00:00,A,CLV10_MEUR,B1GQ,HR,2017,48505.6,
ESTAT:NAMA_10_GDP(1.0),25/07/22 23:00:00,A,CLV10_MEUR,B1GQ,HR,2018,49912.3,
ESTAT:NAMA_10_GDP(1.0),25/07/22 23:00:00,A,CLV10_MEUR,B1GQ,HR,2019,51650.2,
ESTAT:NAMA_10_GDP(1.0),25/07/22 23:00:00,A,CLV10_MEUR,B1GQ,HR,2020,47465.7,p
ESTAT:NAMA_10_GDP(1.0),25/07/22 23:00:00,A,CLV10_MEUR,B1GQ,HR,2021,52325.2,p
ESTAT:NAMA_10_GDP(1.0),25/07/22 23:00:00,A,CLV10_MEUR,B1GQ,HU,1995,69967.4,
ESTAT:NAMA_10_GDP(1.0),25/07/22 23:00:00,A,CLV10_MEUR,B1GQ,HU,1996,70025.1,
ESTAT:NAMA_10_GDP(1.0),25/07/22 23:00:00,A,CLV10_MEUR,B1GQ,HU,1997,72226.0,
ESTAT:NAMA_10_GDP(1.0),25/07/22 23:00:00,A,CLV10_MEUR,B1GQ,HU,1998,75042.9,
ESTAT:NAMA_10_GDP(1.0),25/07/22 23:00:00,A,CLV10_MEUR,B1GQ,HU,1999,77347.4,
ESTAT:NAMA_10_GDP(1.0),25/07/22 23:00:00,A,CLV10_MEUR,B1GQ,HU,2000,80812.0,
ESTAT:NAMA_10_GDP(1.0),25/07/22 23:00:00,A,CLV10_MEUR,B1GQ,HU,2001,84104.3,
ESTAT:NAMA_10_GDP(1.0),25/07/22 23:00:00,A,CLV10_MEUR,B1GQ,HU,2002,88092.0,
ESTAT:NAMA_10_GDP(1.0),25/07/22 23:00:00,A,CLV10_MEUR,B1GQ,HU,2003,91690.1,
ESTAT:NAMA_10_GDP(1.0),25/07/22 23:00:00,A,CLV10_MEUR,B1GQ,HU,2004,96275.0,
ESTAT:NAMA_10_GDP(1.0),25/07/22 23:00:00,A,CLV10_MEUR,B1GQ,HU,2005,100410.3,
ESTAT:NAMA_10_GDP(1.0),25/07/22 23:00:00,A,CLV10_MEUR,B1GQ,HU,2006,104374.3,
ESTAT:NAMA_10_GDP(1.0),25/07/22 23:00:00,A,CLV10_MEUR,B1GQ,HU,2007,104663.4,
ESTAT:NAMA_10_GDP(1.0),25/07/22 23:00:00,A,CLV10_MEUR,B1GQ,HU,2008,105716.8,
ESTAT:NAMA_10_GDP(1.0),25/07/22 23:00:00,A,CLV10_MEUR,B1GQ,HU,2009,98744.2,
ESTAT:NAMA_10_GDP(1.0),25/07/22 23:00:00,A,CLV10_MEUR,B1GQ,HU,2010,99813.8,
ESTAT:NAMA_10_GDP(1.0),25/07/22 23:00:00,A,CLV10_MEUR,B1GQ,HU,2011,101670.4,
ESTAT:NAMA_10_GDP(1.0),25/07/22 23:00:00,A,CLV10_MEUR,B1GQ,HU,2012,100391.7,
ESTAT:NAMA_10_GDP(1.0),25/07/22 23:00:00,A,CLV10_MEUR,B1GQ,HU,2013,102205.1,
ESTAT:NAMA_10_GDP(1.0),25/07/22 23:00:00,A,CLV10_MEUR,B1GQ,HU,2014,106522.0,
ESTAT:NAMA_10_GDP(1.0),25/07/22 23:00:00,A,CLV10_MEUR,B1GQ,HU,2015,110466.8,
ESTAT:NAMA_10_GDP(1.0),25/07/22 23:00:00,A,CLV10_MEUR,B1GQ,HU,2016,112888.2,
ESTAT:NAMA_10_GDP(1.0),25/07/22 23:00:00,A,CLV10_MEUR,B1GQ,HU,2017,117706.9,
ESTAT:NAMA_10_GDP(1.0),25/07/22 23:00:00,A,CLV10_MEUR,B1GQ,HU,2018,124015.4,
ESTAT:NAMA_10_GDP(1.0),25/07/22 23:00:00,A,CLV10_MEUR,B1GQ,HU,2019,129663.1,
ESTAT:NAMA_10_GDP(1.0),25/07/22 23:00:00,A,CLV10_MEUR,B1GQ,HU,2020,123875.9,
ESTAT:NAMA_10_GDP(1.0),25/07/22 23:00:00,A,CLV10_MEUR,B1GQ,HU,2021,132666.9,p
ESTAT:NAMA_10_GDP(1.0),25/07/22 23:00:00,A,CLV10_MEUR,B1GQ,IE,1995,80756.2,
ESTAT:NAMA_10_GDP(1.0),25/07/22 23:00:00,A,CLV10_MEUR,B1GQ,IE,1996,86715.7,
ESTAT:NAMA_10_GDP(1.0),25/07/22 23:00:00,A,CLV10_MEUR,B1GQ,IE,1997,96273.2,
ESTAT:NAMA_10_GDP(1.0),25/07/22 23:00:00,A,CLV10_MEUR,B1GQ,IE,1998,104712.7,
ESTAT:NAMA_10_GDP(1.0),25/07/22 23:00:00,A,CLV10_MEUR,B1GQ,IE,1999,115738.8,
ESTAT:NAMA_10_GDP(1.0),25/07/22 23:00:00,A,CLV10_MEUR,B1GQ,IE,2000,126622.3,
ESTAT:NAMA_10_GDP(1.0),25/07/22 23:00:00,A,CLV10_MEUR,B1GQ,IE,2001,133340.7,
ESTAT:NAMA_10_GDP(1.0),25/07/22 23:00:00,A,CLV10_MEUR,B1GQ,IE,2002,141206.9,
ESTAT:NAMA_10_GDP(1.0),25/07/22 23:00:00,A,CLV10_MEUR,B1GQ,IE,2003,145463.0,
ESTAT:NAMA_10_GDP(1.0),25/07/22 23:00:00,A,CLV10_MEUR,B1GQ,IE,2004,155337.7,
ESTAT:NAMA_10_GDP(1.0),25/07/22 23:00:00,A,CLV10_MEUR,B1GQ,IE,2005,164253.4,
ESTAT:NAMA_10_GDP(1.0),25/07/22 23:00:00,A,CLV10_MEUR,B1GQ,IE,2006,172446.1,
ESTAT:NAMA_10_GDP(1.0),25/07/22 23:00:00,A,CLV10_MEUR,B1GQ,IE,2007,181603.2,
ESTAT:NAMA_10_GDP(1.0),25/07/22 23:00:00,A,CLV10_MEUR,B1GQ,IE,2008,173460.0,
ESTAT:NAMA_10_GDP(1.0),25/07/22 23:00:00,A,CLV10_MEUR,B1GQ,IE,2009,164620.9,
ESTAT:NAMA_10_GDP(1.0),25/07/22 23:00:00,A,CLV10_MEUR,B1GQ,IE,2010,167391.4,
ESTAT:NAMA_10_GDP(1.0),25/07/22 23:00:00,A,CLV10_MEUR,B1GQ,IE,2011,168787.2,
ESTAT:NAMA_10_GDP(1.0),25/07/22 23:00:00,A,CLV10_MEUR,B1GQ,IE,2012,168777.8,
ESTAT:NAMA_10_GDP(1.0),25/07/22 23:00:00,A,CLV10_MEUR,B1GQ,IE,2013,170677.7,
ESTAT:NAMA_10_GDP(1.0),25/07/22 23:00:00,A,CLV10_MEUR,B1GQ,IE,2014,185440.2,
ESTAT:NAMA_10_GDP(1.0),25/07/22 23:00:00,A,CLV10_MEUR,B1GQ,IE,2015,230632.8,
ESTAT:NAMA_10_GDP(1.0),25/07/22 23:00:00,A,CLV10_MEUR,B1GQ,IE,2016,235260.9,
ESTAT:NAMA_10_GDP(1.0),25/07/22 23:00:00,A,CLV10_MEUR,B1GQ,IE,2017,256446.9,
ESTAT:NAMA_10_GDP(1.0),25/07/22 23:00:00,A,CLV10_MEUR,B1GQ,IE,2018,278315.5,
ESTAT:NAMA_10_GDP(1.0),25/07/22 23:00:00,A,CLV10_MEUR,B1GQ,IE,2019,293458.5,
ESTAT:NAMA_10_GDP(1.0),25/07/22 23:00:00,A,CLV10_MEUR,B1GQ,IE,2020,311607.5,
ESTAT:NAMA_10_GDP(1.0),25/07/22 23:00:00,A,CLV10_MEUR,B1GQ,IE,2021,353949.5,
ESTAT:NAMA_10_GDP(1.0),25/07/22 23:00:00,A,CLV10_MEUR,B1GQ,IS,1995,6194.6,
ESTAT:NAMA_10_GDP(1.0),25/07/22 23:00:00,A,CLV10_MEUR,B1GQ,IS,1996,6477.6,
ESTAT:NAMA_10_GDP(1.0),25/07/22 23:00:00,A,CLV10_MEUR,B1GQ,IS,1997,6851.4,
ESTAT:NAMA_10_GDP(1.0),25/07/22 23:00:00,A,CLV10_MEUR,B1GQ,IS,1998,7355.9,
ESTAT:NAMA_10_GDP(1.0),25/07/22 23:00:00,A,CLV10_MEUR,B1GQ,IS,1999,7652.7,
ESTAT:NAMA_10_GDP(1.0),25/07/22 23:00:00,A,CLV10_MEUR,B1GQ,IS,2000,8034.2,
ESTAT:NAMA_10_GDP(1.0),25/07/22 23:00:00,A,CLV10_MEUR,B1GQ,IS,2001,8356.6,
ESTAT:NAMA_10_GDP(1.0),25/07/22 23:00:00,A,CLV10_MEUR,B1GQ,IS,2002,8403.4,
ESTAT:NAMA_10_GDP(1.0),25/07/22 23:00:00,A,CLV10_MEUR,B1GQ,IS,2003,8583.4,
ESTAT:NAMA_10_GDP(1.0),25/07/22 23:00:00,A,CLV10_MEUR,B1GQ,IS,2004,9253.1,
ESTAT:NAMA_10_GDP(1.0),25/07/22 23:00:00,A,CLV10_MEUR,B1GQ,IS,2005,9819.8,
ESTAT:NAMA_10_GDP(1.0),25/07/22 23:00:00,A,CLV10_MEUR,B1GQ,IS,2006,10440.2,
ESTAT:NAMA_10_GDP(1.0),25/07/22 23:00:00,A,CLV10_MEUR,B1GQ,IS,2007,11322.9,
ESTAT:NAMA_10_GDP(1.0),25/07/22 23:00:00,A,CLV10_MEUR,B1GQ,IS,2008,11573.0,
ESTAT:NAMA_10_GDP(1.0),25/07/22 23:00:00,A,CLV10_MEUR,B1GQ,IS,2009,10686.1,
ESTAT:NAMA_10_GDP(1.0),25/07/22 23:00:00,A,CLV10_MEUR,B1GQ,IS,2010,10383.4,
ESTAT:NAMA_10_GDP(1.0),25/07/22 23:00:00,A,CLV10_MEUR,B1GQ,IS,2011,10575.0,
ESTAT:NAMA_10_GDP(1.0),25/07/22 23:00:00,A,CLV10_MEUR,B1GQ,IS,2012,10687.5,
ESTAT:NAMA_10_GDP(1.0),25/07/22 23:00:00,A,CLV10_MEUR,B1GQ,IS,2013,11174.1,
ESTAT:NAMA_10_GDP(1.0),25/07/22 23:00:00,A,CLV10_MEUR,B1GQ,IS,2014,11362.6,
ESTAT:NAMA_10_GDP(1.0),25/07/22 23:00:00,A,CLV10_MEUR,B1GQ,IS,2015,11866.7,
ESTAT:NAMA_10_GDP(1.0),25/07/22 23:00:00,A,CLV10_MEUR,B1GQ,IS,2016,12614.8,
ESTAT:NAMA_10_GDP(1.0),25/07/22 23:00:00,A,CLV10_MEUR,B1GQ,IS,2017,13143.9,
ESTAT:NAMA_10_GDP(1.0),25/07/22 23:00:00,A,CLV10_MEUR,B1GQ,IS,2018,13786.5,
ESTAT:NAMA_10_GDP(1.0),25/07/22 23:00:00,A,CLV10_MEUR,B1GQ,IS,2019,14120.5,
ESTAT:NAMA_10_GDP(1.0),25/07/22 23:00:00,A,CLV10_MEUR,B1GQ,IS,2020,13122.1,
ESTAT:NAMA_10_GDP(1.0),25/07/22 23:00:00,A,CLV10_MEUR,B1GQ,IS,2021,13692.7,
ESTAT:NAMA_10_GDP(1.0),25/07/22 23:00:00,A,CLV10_MEUR,B1GQ,IT,1995,1410521.1,
ESTAT:NAMA_10_GDP(1.0),25/07/22 23:00:00,A,CLV10_MEUR,B1GQ,IT,1996,1428389.4,
ESTAT:NAMA_10_GDP(1.0),25/07/22 23:00:00,A,CLV10_MEUR,B1GQ,IT,1997,1454532.0,
ESTAT:NAMA_10_GDP(1.0),25/07/22 23:00:00,A,CLV10_MEUR,B1GQ,IT,1998,1480867.9,
ESTAT:NAMA_10_GDP(1.0),25/07/22 23:00:00,A,CLV10_MEUR,B1GQ,IT,1999,1504942.8,
ESTAT:NAMA_10_GDP(1.0),25/07/22 23:00:00,A,CLV10_MEUR,B1GQ,IT,2000,1561934.3,
ESTAT:NAMA_10_GDP(1.0),25/07/22 23:00:00,A,CLV10_MEUR,B1GQ,IT,2001,1592413.5,
ESTAT:NAMA_10_GDP(1.0),25/07/22 23:00:00,A,CLV10_MEUR,B1GQ,IT,2002,1596457.3,
ESTAT:NAMA_10_GDP(1.0),25/07/22 23:00:00,A,CLV10_MEUR,B1GQ,IT,2003,1598670.4,
ESTAT:NAMA_10_GDP(1.0),25/07/22 23:00:00,A,CLV10_MEUR,B1GQ,IT,2004,1621429.0,
ESTAT:NAMA_10_GDP(1.0),25/07/22 23:00:00,A,CLV10_MEUR,B1GQ,IT,2005,1634689.8,
ESTAT:NAMA_10_GDP(1.0),25/07/22 23:00:00,A,CLV10_MEUR,B1GQ,IT,2006,1663961.2,
ESTAT:NAMA_10_GDP(1.0),25/07/22 23:00:00,A,CLV10_MEUR,B1GQ,IT,2007,1688705.5,
ESTAT:NAMA_10_GDP(1.0),25/07/22 23:00:00,A,CLV10_MEUR,B1GQ,IT,2008,1672460.0,
ESTAT:NAMA_10_GDP(1.0),25/07/22 23:00:00,A,CLV10_MEUR,B1GQ,IT,2009,1584138.4,
ESTAT:NAMA_10_GDP(1.0),25/07/22 23:00:00,A,CLV10_MEUR,B1GQ,IT,2010,1611279.4,
ESTAT:NAMA_10_GDP(1.0),25/07/22 23:00:00,A,CLV10_MEUR,B1GQ,IT,2011,1622676.5,
ESTAT:NAMA_10_GDP(1.0),25/07/22 23:00:00,A,CLV10_MEUR,B1GQ,IT,2012,1574306.1,
ESTAT:NAMA_10_GDP(1.0),25/07/22 23:00:00,A,CLV10_MEUR,B1GQ,IT,2013,1545322.1,
ESTAT:NAMA_10_GDP(1.0),25/07/22 23:00:00,A,CLV10_MEUR,B1GQ,IT,2014,1545251.8,
ESTAT:NAMA_10_GDP(1.0),25/07/22 23:00:00,A,CLV10_MEUR,B1GQ,IT,2015,1557278.5,
ESTAT:NAMA_10_GDP(1.0),25/07/22 23:00:00,A,CLV10_MEUR,B1GQ,IT,2016,1577421.4,
ESTAT:NAMA_10_GDP(1.0),25/07/22 23:00:00,A,CLV10_MEUR,B1GQ,IT,2017,1603730.5,
ESTAT:NAMA_10_GDP(1.0),25/07/22 23:00:00,A,CLV10_MEUR,B1GQ,IT,2018,1618578.0,
ESTAT:NAMA_10_GDP(1.0),25/07/22 23:00:00,A,CLV10_MEUR,B1GQ,IT,2019,1626674.7,
ESTAT:NAMA_10_GDP(1.0),25/07/22 23:00:00,A,CLV10_MEUR,B1GQ,IT,2020,1479856.4,
ESTAT:NAMA_10_GDP(1.0),25/07/22 23:00:00,A,CLV10_MEUR,B1GQ,IT,2021,1578175.0,
ESTAT:NAMA_10_GDP(1.0),25/07/22 23:00:00,A,CLV10_MEUR,B1GQ,LT,1995,14597.7,
ESTAT:NAMA_10_GDP(1.0),25/07/22 23:00:00,A,CLV10_MEUR,B1GQ,LT,1996,15350.7,
ESTAT:NAMA_10_GDP(1.0),25/07/22 23:00:00,A,CLV10_MEUR,B1GQ,LT,1997,16626.4,
ESTAT:NAMA_10_GDP(1.0),25/07/22 23:00:00,A,CLV10_MEUR,B1GQ,LT,1998,17869.4,
ESTAT:NAMA_10_GDP(1.0),25/07/22 23:00:00,A,CLV10_MEUR,B1GQ,LT,1999,17665.4,
ESTAT:NAMA_10_GDP(1.0),25/07/22 23:00:00,A,CLV10_MEUR,B1GQ,LT,2000,18318.2,
ESTAT:NAMA_10_GDP(1.0),25/07/22 23:00:00,A,CLV10_MEUR,B1GQ,LT,2001,19513.7,
ESTAT:NAMA_10_GDP(1.0),25/07/22 23:00:00,A,CLV10_MEUR,B1GQ,LT,2002,20831.2,
ESTAT:NAMA_10_GDP(1.0),25/07/22 23:00:00,A,CLV10_MEUR,B1GQ,LT,2003,23032.2,
ESTAT:NAMA_10_GDP(1.0),25/07/22 23:00:00,A,CLV10_MEUR,B1GQ,LT,2004,24545.3,
ESTAT:NAMA_10_GDP(1.0),25/07/22 23:00:00,A,CLV10_MEUR,B1GQ,LT,2005,26443.2,
ESTAT:NAMA_10_GDP(1.0),25/07/22 23:00:00,A,CLV10_MEUR,B1GQ,LT,2006,28403.7,
ESTAT:NAMA_10_GDP(1.0),25/07/22 23:00:00,A,CLV10_MEUR,B1GQ,LT,2007,31558.7,
ESTAT:NAMA_10_GDP(1.0),25/07/22 23:00:00,A,CLV10_MEUR,B1GQ,LT,2008,32383.7,
ESTAT:NAMA_10_GDP(1.0),25/07/22 23:00:00,A,CLV10_MEUR,B1GQ,LT,2009,27578.4,
ESTAT:NAMA_10_GDP(1.0),25/07/22 23:00:00,A,CLV10_MEUR,B1GQ,LT,2010,28033.8,
ESTAT:NAMA_10_GDP(1.0),25/07/22 23:00:00,A,CLV10_MEUR,B1GQ,LT,2011,29726.8,
ESTAT:NAMA_10_GDP(1.0),25/07/22 23:00:00,A,CLV10_MEUR,B1GQ,LT,2012,30869.5,
ESTAT:NAMA_10_GDP(1.0),25/07/22 23:00:00,A,CLV10_MEUR,B1GQ,LT,2013,31965.3,
ESTAT:NAMA_10_GDP(1.0),25/07/22 23:00:00,A,CLV10_MEUR,B1GQ,LT,2014,33096.0,
ESTAT:NAMA_10_GDP(1.0),25/07/22 23:00:00,A,CLV10_MEUR,B1GQ,LT,2015,33766.0,
ESTAT:NAMA_10_GDP(1.0),25/07/22 23:00:00,A,CLV10_MEUR,B1GQ,LT,2016,34616.5,
ESTAT:NAMA_10_GDP(1.0),25/07/22 23:00:00,A,CLV10_MEUR,B1GQ,LT,2017,36099.0,
ESTAT:NAMA_10_GDP(1.0),25/07/22 23:00:00,A,CLV10_MEUR,B1GQ,LT,2018,37540.6,
ESTAT:NAMA_10_GDP(1.0),25/07/22 23:00:00,A,CLV10_MEUR,B1GQ,LT,2019,39257.6,
ESTAT:NAMA_10_GDP(1.0),25/07/22 23:00:00,A,CLV10_MEUR,B1GQ,LT,2020,39205.6,
ESTAT:NAMA_10_GDP(1.0),25/07/22 23:00:00,A,CLV10_MEUR,B1GQ,LT,2021,41167.2,
ESTAT:NAMA_10_GDP(1.0),25/07/22 23:00:00,A,CLV10_MEUR,B1GQ,LU,1995,24026.0,
ESTAT:NAMA_10_GDP(1.0),25/07/22 23:00:00,A,CLV10_MEUR,B1GQ,LU,1996,24361.9,
ESTAT:NAMA_10_GDP(1.0),25/07/22 23:00:00,A,CLV10_MEUR,B1GQ,LU,1997,25682.2,
ESTAT:NAMA_10_GDP(1.0),25/07/22 23:00:00,A,CLV10_MEUR,B1GQ,LU,1998,27396.4,
ESTAT:NAMA_10_GDP(1.0),25/07/22 23:00:00,A,CLV10_MEUR,B1GQ,LU,1999,29636.1,
ESTAT:NAMA_10_GDP(1.0),25/07/22 23:00:00,A,CLV10_MEUR,B1GQ,LU,2000,31692.3,
ESTAT:NAMA_10_GDP(1.0),25/07/22 23:00:00,A,CLV10_MEUR,B1GQ,LU,2001,32666.6,
ESTAT:NAMA_10_GDP(1.0),25/07/22 23:00:00,A,CLV10_MEUR,B1GQ,LU,2002,33720.3,
ESTAT:NAMA_10_GDP(1.0),25/07/22 23:00:00,A,CLV10_MEUR,B1GQ,LU,2003,34603.5,
ESTAT:NAMA_10_GDP(1.0),25/07/22 23:00:00,A,CLV10_MEUR,B1GQ,LU,2004,36067.9,
ESTAT:NAMA_10_GDP(1.0),25/07/22 23:00:00,A,CLV10_MEUR,B1GQ,LU,2005,36963.4,
ESTAT:NAMA_10_GDP(1.0),25/07/22 23:00:00,A,CLV10_MEUR,B1GQ,LU,2006,39187.4,
ESTAT:NAMA_10_GDP(1.0),25/07/22 23:00:00,A,CLV10_MEUR,B1GQ,LU,2007,42361.1,
ESTAT:NAMA_10_GDP(1.0),25/07/22 23:00:00,A,CLV10_MEUR,B1GQ,LU,2008,42233.9,
ESTAT:NAMA_10_GDP(1.0),25/07/22 23:00:00,A,CLV10_MEUR,B1GQ,LU,2009,40866.0,
ESTAT:NAMA_10_GDP(1.0),25/07/22 23:00:00,A,CLV10_MEUR,B1GQ,LU,2010,42402.7,
ESTAT:NAMA_10_GDP(1.0),25/07/22 23:00:00,A,CLV10_MEUR,B1GQ,LU,2011,42845.5,
ESTAT:NAMA_10_GDP(1.0),25/07/22 23:00:00,A,CLV10_MEUR,B1GQ,LU,2012,43552.4,
ESTAT:NAMA_10_GDP(1.0),25/07/22 23:00:00,A,CLV10_MEUR,B1GQ,LU,2013,44933.8,
ESTAT:NAMA_10_GDP(1.0),25/07/22 23:00:00,A,CLV10_MEUR,B1GQ,LU,2014,46112.5,
ESTAT:NAMA_10_GDP(1.0),25/07/22 23:00:00,A,CLV10_MEUR,B1GQ,LU,2015,47159.1,
ESTAT:NAMA_10_GDP(1.0),25/07/22 23:00:00,A,CLV10_MEUR,B1GQ,LU,2016,49506.8,
ESTAT:NAMA_10_GDP(1.0),25/07/22 23:00:00,A,CLV10_MEUR,B1GQ,LU,2017,50158.9,
ESTAT:NAMA_10_GDP(1.0),25/07/22 23:00:00,A,CLV10_MEUR,B1GQ,LU,2018,51164.3,
ESTAT:NAMA_10_GDP(1.0),25/07/22 23:00:00,A,CLV10_MEUR,B1GQ,LU,2019,52844.4,
ESTAT:NAMA_10_GDP(1.0),25/07/22 23:00:00,A,CLV10_MEUR,B1GQ,LU,2020,51905.8,
ESTAT:NAMA_10_GDP(1.0),25/07/22 23:00:00,A,CLV10_MEUR,B1GQ,LU,2021,55480.3,
ESTAT:NAMA_10_GDP(1.0),25/07/22 23:00:00,A,CLV10_MEUR,B1GQ,LV,1995,9634.8,
ESTAT:NAMA_10_GDP(1.0),25/07/22 23:00:00,A,CLV10_MEUR,B1GQ,LV,1996,9884.2,
ESTAT:NAMA_10_GDP(1.0),25/07/22 23:00:00,A,CLV10_MEUR,B1GQ,LV,1997,10757.7,
ESTAT:NAMA_10_GDP(1.0),25/07/22 23:00:00,A,CLV10_MEUR,B1GQ,LV,1998,11439.3,
ESTAT:NAMA_10_GDP(1.0),25/07/22 23:00:00,A,CLV10_MEUR,B1GQ,LV,1999,11754.5,
ESTAT:NAMA_10_GDP(1.0),25/07/22 23:00:00,A,CLV10_MEUR,B1GQ,LV,2000,12421.7,
ESTAT:NAMA_10_GDP(1.0),25/07/22 23:00:00,A,CLV10_MEUR,B1GQ,LV,2001,13207.8,
ESTAT:NAMA_10_GDP(1.0),25/07/22 23:00:00,A,CLV10_MEUR,B1GQ,LV,2002,14143.8,
ESTAT:NAMA_10_GDP(1.0),25/07/22 23:00:00,A,CLV10_MEUR,B1GQ,LV,2003,15335.1,
ESTAT:NAMA_10_GDP(1.0),25/07/22 23:00:00,A,CLV10_MEUR,B1GQ,LV,2004,16605.1,
ESTAT:NAMA_10_GDP(1.0),25/07/22 23:00:00,A,CLV10_MEUR,B1GQ,LV,2005,18384.4,
ESTAT:NAMA_10_GDP(1.0),25/07/22 23:00:00,A,CLV10_MEUR,B1GQ,LV,2006,20584.1,
ESTAT:NAMA_10_GDP(1.0),25/07/22 23:00:00,A,CLV10_MEUR,B1GQ,LV,2007,22630.8,
ESTAT:NAMA_10_GDP(1.0),25/07/22 23:00:00,A,CLV10_MEUR,B1GQ,LV,2008,21896.9,
ESTAT:NAMA_10_GDP(1.0),25/07/22 23:00:00,A,CLV10_MEUR,B1GQ,LV,2009,18777.0,
ESTAT:NAMA_10_GDP(1.0),25/07/22 23:00:00,A,CLV10_MEUR,B1GQ,LV,2010,17937.5,
ESTAT:NAMA_10_GDP(1.0),25/07/22 23:00:00,A,CLV10_MEUR,B1GQ,LV,2011,18397.5,
ESTAT:NAMA_10_GDP(1.0),25/07/22 23:00:00,A,CLV10_MEUR,B1GQ,LV,2012,19692.2,
ESTAT:NAMA_10_GDP(1.0),25/07/22 23:00:00,A,CLV10_MEUR,B1GQ,LV,2013,20088.1,
ESTAT:NAMA_10_GDP(1.0),25/07/22 23:00:00,A,CLV10_MEUR,B1GQ,LV,2014,20469.8,
ESTAT:NAMA_10_GDP(1.0),25/07/22 23:00:00,A,CLV10_MEUR,B1GQ,LV,2015,21265.1,
ESTAT:NAMA_10_GDP(1.0),25/07/22 23:00:00,A,CLV10_MEUR,B1GQ,LV,2016,21768.6,
ESTAT:NAMA_10_GDP(1.0),25/07/22 23:00:00,A,CLV10_MEUR,B1GQ,LV,2017,22489.8,
ESTAT:NAMA_10_GDP(1.0),25/07/22 23:00:00,A,CLV10_MEUR,B1GQ,LV,2018,23387.0,
ESTAT:NAMA_10_GDP(1.0),25/07/22 23:00:00,A,CLV10_MEUR,B1GQ,LV,2019,23968.0,
ESTAT:NAMA_10_GDP(1.0),25/07/22 23:00:00,A,CLV10_MEUR,B1GQ,LV,2020,23064.6,
ESTAT:NAMA_10_GDP(1.0),25/07/22 23:00:00,A,CLV10_MEUR,B1GQ,LV,2021,24098.4,
ESTAT:NAMA_10_GDP(1.0),25/07/22 23:00:00,A,CLV10_MEUR,B1GQ,ME,2006,2819.5,
ESTAT:NAMA_10_GDP(1.0),25/07/22 23:00:00,A,CLV10_MEUR,B1GQ,ME,2007,3011.5,
ESTAT:NAMA_10_GDP(1.0),25/07/22 23:00:00,A,CLV10_MEUR,B1GQ,ME,2008,3229.0,
ESTAT:NAMA_10_GDP(1.0),25/07/22 23:00:00,A,CLV10_MEUR,B1GQ,ME,2009,3041.9,
ESTAT:NAMA_10_GDP(1.0),25/07/22 23:00:00,A,CLV10_MEUR,B1GQ,ME,2010,3125.1,
ESTAT:NAMA_10_GDP(1.0),25/07/22 23:00:00,A,CLV10_MEUR,B1GQ,ME,2011,3226.0,
ESTAT:NAMA_10_GDP(1.0),25/07/22 23:00:00,A,CLV10_MEUR,B1GQ,ME,2012,3138.1,
ESTAT:NAMA_10_GDP(1.0),25/07/22 23:00:00,A,CLV10_MEUR,B1GQ,ME,2013,3249.5,
ESTAT:NAMA_10_GDP(1.0),25/07/22 23:00:00,A,CLV10_MEUR,B1GQ,ME,2014,3307.5,
ESTAT:NAMA_10_GDP(1.0),25/07/22 23:00:00,A,CLV10_MEUR,B1GQ,ME,2015,3419.6,
ESTAT:NAMA_10_GDP(1.0),25/07/22 23:00:00,A,CLV10_MEUR,B1GQ,ME,2016,3520.4,
ESTAT:NAMA_10_GDP(1.0),25/07/22 23:00:00,A,CLV10_MEUR,B1GQ,ME,2017,3686.5,
ESTAT:NAMA_10_GDP(1.0),25/07/22 23:00:00,A,CLV10_MEUR,B1GQ,ME,2018,3873.7,
ESTAT:NAMA_10_GDP(1.0),25/07/22 23:00:00,A,CLV10_MEUR,B1GQ,ME,2019,4031.1,
ESTAT:NAMA_10_GDP(1.0),25/07/22 23:00:00,A,CLV10_MEUR,B1GQ,ME,2020,3414.0,
ESTAT:NAMA_10_GDP(1.0),25/07/22 23:00:00,A,CLV10_MEUR,B1GQ,ME,2021,3838.5,p
ESTAT:NAMA_10_GDP(1.0),25/07/22 23:00:00,A,CLV10_MEUR,B1GQ,MK,2000,5302.8,
ESTAT:NAMA_10_GDP(1.0),25/07/22 23:00:00,A,CLV10_MEUR,B1GQ,MK,2001,5140.1,
ESTAT:NAMA_10_GDP(1.0),25/07/22 23:00:00,A,CLV10_MEUR,B1GQ,MK,2002,5216.9,
ESTAT:NAMA_10_GDP(1.0),25/07/22 23:00:00,A,CLV10_MEUR,B1GQ,MK,2003,5332.8,
ESTAT:NAMA_10_GDP(1.0),25/07/22 23:00:00,A,CLV10_MEUR,B1GQ,MK,2004,5582.1,
ESTAT:NAMA_10_GDP(1.0),25/07/22 23:00:00,A,CLV10_MEUR,B1GQ,MK,2005,5845.8,
ESTAT:NAMA_10_GDP(1.0),25/07/22 23:00:00,A,CLV10_MEUR,B1GQ,MK,2006,6146.1,
ESTAT:NAMA_10_GDP(1.0),25/07/22 23:00:00,A,CLV10_MEUR,B1GQ,MK,2007,6544.0,
ESTAT:NAMA_10_GDP(1.0),25/07/22 23:00:00,A,CLV10_MEUR,B1GQ,MK,2008,6902.0,
ESTAT:NAMA_10_GDP(1.0),25/07/22 23:00:00,A,CLV10_MEUR,B1GQ,MK,2009,6877.3,
ESTAT:NAMA_10_GDP(1.0),25/07/22 23:00:00,A,CLV10_MEUR,B1GQ,MK,2010,7108.3,
ESTAT:NAMA_10_GDP(1.0),25/07/22 23:00:00,A,CLV10_MEUR,B1GQ,MK,2011,7274.6,
ESTAT:NAMA_10_GDP(1.0),25/07/22 23:00:00,A,CLV10_MEUR,B1GQ,MK,2012,7241.4,
ESTAT:NAMA_10_GDP(1.0),25/07/22 23:00:00,A,CLV10_MEUR,B1GQ,MK,2013,7453.2,
ESTAT:NAMA_10_GDP(1.0),25/07/22 23:00:00,A,CLV10_MEUR,B1GQ,MK,2014,7723.8,
ESTAT:NAMA_10_GDP(1.0),25/07/22 23:00:00,A,CLV10_MEUR,B1GQ,MK,2015,8021.6,
ESTAT:NAMA_10_GDP(1.0),25/07/22 23:00:00,A,CLV10_MEUR,B1GQ,MK,2016,8250.0,
ESTAT:NAMA_10_GDP(1.0),25/07/22 23:00:00,A,CLV10_MEUR,B1GQ,MK,2017,8339.3,
ESTAT:NAMA_10_GDP(1.0),25/07/22 23:00:00,A,CLV10_MEUR,B1GQ,MK,2018,8579.5,
ESTAT:NAMA_10_GDP(1.0),25/07/22 23:00:00,A,CLV10_MEUR,B1GQ,MK,2019,8915.0,
ESTAT:NAMA_10_GDP(1.0),25/07/22 23:00:00,A,CLV10_MEUR,B1GQ,MK,2020,8370.2,p
ESTAT:NAMA_10_GDP(1.0),25/07/22 23:00:00,A,CLV10_MEUR,B1GQ,MK,2021,8702.0,e
ESTAT:NAMA_10_GDP(1.0),25/07/22 23:00:00,A,CLV10_MEUR,B1GQ,MT,2000,5363.3,
ESTAT:NAMA_10_GDP(1.0),25/07/22 23:00:00,A,CLV10_MEUR,B1GQ,MT,2001,5300.3,
ESTAT:NAMA_10_GDP(1.0),25/07/22 23:00:00,A,CLV10_MEUR,B1GQ,MT,2002,5436.3,
ESTAT:NAMA_10_GDP(1.0),25/07/22 23:00:00,A,CLV10_MEUR,B1GQ,MT,2003,5657.8,
ESTAT:NAMA_10_GDP(1.0),25/07/22 23:00:00,A,CLV10_MEUR,B1GQ,MT,2004,5665.7,
ESTAT:NAMA_10_GDP(1.0),25/07/22 23:00:00,A,CLV10_MEUR,B1GQ,MT,2005,5857.4,
ESTAT:NAMA_10_GDP(1.0),25/07/22 23:00:00,A,CLV10_MEUR,B1GQ,MT,2006,6004.5,
ESTAT:NAMA_10_GDP(1.0),25/07/22 23:00:00,A,CLV10_MEUR,B1GQ,MT,2007,6291.1,
ESTAT:NAMA_10_GDP(1.0),25/07/22 23:00:00,A,CLV10_MEUR,B1GQ,MT,2008,6531.9,
ESTAT:NAMA_10_GDP(1.0),25/07/22 23:00:00,A,CLV10_MEUR,B1GQ,MT,2009,6457.8,
ESTAT:NAMA_10_GDP(1.0),25/07/22 23:00:00,A,CLV10_MEUR,B1GQ,MT,2010,6815.8,
ESTAT:NAMA_10_GDP(1.0),25/07/22 23:00:00,A,CLV10_MEUR,B1GQ,MT,2011,6847.6,
ESTAT:NAMA_10_GDP(1.0),25/07/22 23:00:00,A,CLV10_MEUR,B1GQ,MT,2012,7129.6,
ESTAT:NAMA_10_GDP(1.0),25/07/22 23:00:00,A,CLV10_MEUR,B1GQ,MT,2013,7519.8,
ESTAT:NAMA_10_GDP(1.0),25/07/22 23:00:00,A,CLV10_MEUR,B1GQ,MT,2014,8093.9,
ESTAT:NAMA_10_GDP(1.0),25/07/22 23:00:00,A,CLV10_MEUR,B1GQ,MT,2015,8871.5,
ESTAT:NAMA_10_GDP(1.0),25/07/22 23:00:00,A,CLV10_MEUR,B1GQ,MT,2016,9171.5,
ESTAT:NAMA_10_GDP(1.0),25/07/22 23:00:00,A,CLV10_MEUR,B1GQ,MT,2017,10175.5,
ESTAT:NAMA_10_GDP(1.0),25/07/22 23:00:00,A,CLV10_MEUR,B1GQ,MT,2018,10801.4,
ESTAT:NAMA_10_GDP(1.0),25/07/22 23:00:00,A,CLV10_MEUR,B1GQ,MT,2019,11443.0,
ESTAT:NAMA_10_GDP(1.0),25/07/22 23:00:00,A,CLV10_MEUR,B1GQ,MT,2020,10487.7,
ESTAT:NAMA_10_GDP(1.0),25/07/22 23:00:00,A,CLV10_MEUR,B1GQ,MT,2021,11579.6,
ESTAT:NAMA_10_GDP(1.0),25/07/22 23:00:00,A,CLV10_MEUR,B1GQ,NL,1995,451436.5,
ESTAT:NAMA_10_GDP(1.0),25/07/22 23:00:00,A,CLV10_MEUR,B1GQ,NL,1996,467231.1,
ESTAT:NAMA_10_GDP(1.0),25/07/22 23:00:00,A,CLV10_MEUR,B1GQ,NL,1997,487457.8,
ESTAT:NAMA_10_GDP(1.0),25/07/22 23:00:00,A,CLV10_MEUR,B1GQ,NL,1998,510192.5,
ESTAT:NAMA_10_GDP(1.0),25/07/22 23:00:00,A,CLV10_MEUR,B1GQ,NL,1999,535875.8,
ESTAT:NAMA_10_GDP(1.0),25/07/22 23:00:00,A,CLV10_MEUR,B1GQ,NL,2000,558359.2,
ESTAT:NAMA_10_GDP(1.0),25/07/22 23:00:00,A,CLV10_MEUR,B1GQ,NL,2001,571352.0,
ESTAT:NAMA_10_GDP(1.0),25/07/22 23:00:00,A,CLV10_MEUR,B1GQ,NL,2002,572593.4,
ESTAT:NAMA_10_GDP(1.0),25/07/22 23:00:00,A,CLV10_MEUR,B1GQ,NL,2003,573484.6,
ESTAT:NAMA_10_GDP(1.0),25/07/22 23:00:00,A,CLV10_MEUR,B1GQ,NL,2004,584868.0,
ESTAT:NAMA_10_GDP(1.0),25/07/22 23:00:00,A,CLV10_MEUR,B1GQ,NL,2005,596862.9,
ESTAT:NAMA_10_GDP(1.0),25/07/22 23:00:00,A,CLV10_MEUR,B1GQ,NL,2006,617520.2,
ESTAT:NAMA_10_GDP(1.0),25/07/22 23:00:00,A,CLV10_MEUR,B1GQ,NL,2007,640818.3,
ESTAT:NAMA_10_GDP(1.0),25/07/22 23:00:00,A,CLV10_MEUR,B1GQ,NL,2008,654726.1,
ESTAT:NAMA_10_GDP(1.0),25/07/22 23:00:00,A,CLV10_MEUR,B1GQ,NL,2009,630718.1,
ESTAT:NAMA_10_GDP(1.0),25/07/22 23:00:00,A,CLV10_MEUR,B1GQ,NL,2010,639187.0,
ESTAT:NAMA_10_GDP(1.0),25/07/22 23:00:00,A,CLV10_MEUR,B1GQ,NL,2011,649102.0,
ESTAT:NAMA_10_GDP(1.0),25/07/22 23:00:00,A,CLV10_MEUR,B1GQ,NL,2012,642414.0,
ESTAT:NAMA_10_GDP(1.0),25/07/22 23:00:00,A,CLV10_MEUR,B1GQ,NL,2013,641577.7,
ESTAT:NAMA_10_GDP(1.0),25/07/22 23:00:00,A,CLV10_MEUR,B1GQ,NL,2014,650709.9,
ESTAT:NAMA_10_GDP(1.0),25/07/22 23:00:00,A,CLV10_MEUR,B1GQ,NL,2015,663458.4,
ESTAT:NAMA_10_GDP(1.0),25/07/22 23:00:00,A,CLV10_MEUR,B1GQ,NL,2016,677999.5,
ESTAT:NAMA_10_GDP(1.0),25/07/22 23:00:00,A,CLV10_MEUR,B1GQ,NL,2017,697735.4,
ESTAT:NAMA_10_GDP(1.0),25/07/22 23:00:00,A,CLV10_MEUR,B1GQ,NL,2018,714208.3,
ESTAT:NAMA_10_GDP(1.0),25/07/22 23:00:00,A,CLV10_MEUR,B1GQ,NL,2019,728175.3,
ESTAT:NAMA_10_GDP(1.0),25/07/22 23:00:00,A,CLV10_MEUR,B1GQ,NL,2020,699877.8,
ESTAT:NAMA_10_GDP(1.0),25/07/22 23:00:00,A,CLV10_MEUR,B1GQ,NL,2021,733914.4,p
ESTAT:NAMA_10_GDP(1.0),25/07/22 23:00:00,A,CLV10_MEUR,B1GQ,NO,1975,119756.8,
ESTAT:NAMA_10_GDP(1.0),25/07/22 23:00:00,A,CLV10_MEUR,B1GQ,NO,1976,126733.1,
ESTAT:NAMA_10_GDP(1.0),25/07/22 23:00:00,A,CLV10_MEUR,B1GQ,NO,1977,132006.2,
ESTAT:NAMA_10_GDP(1.0),25/07/22 23:00:00,A,CLV10_MEUR,B1GQ,NO,1978,137114.0,
ESTAT:NAMA_10_GDP(1.0),25/07/22 23:00:00,A,CLV10_MEUR,B1GQ,NO,1979,143109.3,
ESTAT:NAMA_10_GDP(1.0),25/07/22 23:00:00,A,CLV10_MEUR,B1GQ,NO,1980,149641.7,
ESTAT:NAMA_10_GDP(1.0),25/07/22 23:00:00,A,CLV10_MEUR,B1GQ,NO,1981,152033.4,
ESTAT:NAMA_10_GDP(1.0),25/07/22 23:00:00,A,CLV10_MEUR,B1GQ,NO,1982,152391.2,
ESTAT:NAMA_10_GDP(1.0),25/07/22 23:00:00,A,CLV10_MEUR,B1GQ,NO,1983,158445.4,
ESTAT:NAMA_10_GDP(1.0),25/07/22 23:00:00,A,CLV10_MEUR,B1GQ,NO,1984,168035.2,
ESTAT:NAMA_10_GDP(1.0),25/07/22 23:00:00,A,CLV10_MEUR,B1GQ,NO,1985,177366.8,
ESTAT:NAMA_10_GDP(1.0),25/07/22 23:00:00,A,CLV10_MEUR,B1GQ,NO,1986,184536.4,
ESTAT:NAMA_10_GDP(1.0),25/07/22 23:00:00,A,CLV10_MEUR,B1GQ,NO,1987,187772.1,
ESTAT:NAMA_10_GDP(1.0),25/07/22 23:00:00,A,CLV10_MEUR,B1GQ,NO,1988,187292.6,
ESTAT:NAMA_10_GDP(1.0),25/07/22 23:00:00,A,CLV10_MEUR,B1GQ,NO,1989,189237.2,
ESTAT:NAMA_10_GDP(1.0),25/07/22 23:00:00,A,CLV10_MEUR,B1GQ,NO,1990,192894.1,
ESTAT:NAMA_10_GDP(1.0),25/07/22 23:00:00,A,CLV10_MEUR,B1GQ,NO,1991,198844.4,
ESTAT:NAMA_10_GDP(1.0),25/07/22 23:00:00,A,CLV10_MEUR,B1GQ,NO,1992,205951.8,
ESTAT:NAMA_10_GDP(1.0),25/07/22 23:00:00,A,CLV10_MEUR,B1GQ,NO,1993,211811.8,
ESTAT:NAMA_10_GDP(1.0),25/07/22 23:00:00,A,CLV10_MEUR,B1GQ,NO,1994,222519.8,
ESTAT:NAMA_10_GDP(1.0),25/07/22 23:00:00,A,CLV10_MEUR,B1GQ,NO,1995,231766.6,
ESTAT:NAMA_10_GDP(1.0),25/07/22 23:00:00,A,CLV10_MEUR,B1GQ,NO,1996,243419.7,
ESTAT:NAMA_10_GDP(1.0),25/07/22 23:00:00,A,CLV10_MEUR,B1GQ,NO,1997,256283.5,
ESTAT:NAMA_10_GDP(1.0),25/07/22 23:00:00,A,CLV10_MEUR,B1GQ,NO,1998,263009.4,
ESTAT:NAMA_10_GDP(1.0),25/07/22 23:00:00,A,CLV10_MEUR,B1GQ,NO,1999,268303.5,
ESTAT:NAMA_10_GDP(1.0),25/07/22 23:00:00,A,CLV10_MEUR,B1GQ,NO,2000,276902.5,
ESTAT:NAMA_10_GDP(1.0),25/07/22 23:00:00,A,CLV10_MEUR,B1GQ,NO,2001,282647.7,
ESTAT:NAMA_10_GDP(1.0),25/07/22 23:00:00,A,CLV10_MEUR,B1GQ,NO,2002,286735.5,
ESTAT:NAMA_10_GDP(1.0),25/07/22 23:00:00,A,CLV10_MEUR,B1GQ,NO,2003,289345.1,
ESTAT:NAMA_10_GDP(1.0),25/07/22 23:00:00,A,CLV10_MEUR,B1GQ,NO,2004,300830.4,
ESTAT:NAMA_10_GDP(1.0),25/07/22 23:00:00,A,CLV10_MEUR,B1GQ,NO,2005,308728.4,
ESTAT:NAMA_10_GDP(1.0),25/07/22 23:00:00,A,CLV10_MEUR,B1GQ,NO,2006,316137.4,
ESTAT:NAMA_10_GDP(1.0),25/07/22 23:00:00,A,CLV10_MEUR,B1GQ,NO,2007,325603.5,
ESTAT:NAMA_10_GDP(1.0),25/07/22 23:00:00,A,CLV10_MEUR,B1GQ,NO,2008,327154.5,
ESTAT:NAMA_10_GDP(1.0),25/07/22 23:00:00,A,CLV10_MEUR,B1GQ,NO,2009,321504.4,
ESTAT:NAMA_10_GDP(1.0),25/07/22 23:00:00,A,CLV10_MEUR,B1GQ,NO,2010,323760.9,
ESTAT:NAMA_10_GDP(1.0),25/07/22 23:00:00,A,CLV10_MEUR,B1GQ,NO,2011,326938.4,
ESTAT:NAMA_10_GDP(1.0),25/07/22 23:00:00,A,CLV10_MEUR,B1GQ,NO,2012,335775.9,
ESTAT:NAMA_10_GDP(1.0),25/07/22 23:00:00,A,CLV10_MEUR,B1GQ,NO,2013,339248.0,
ESTAT:NAMA_10_GDP(1.0),25/07/22 23:00:00,A,CLV10_MEUR,B1GQ,NO,2014,345929.7,
ESTAT:NAMA_10_GDP(1.0),25/07/22 23:00:00,A,CLV10_MEUR,B1GQ,NO,2015,352734.5,
ESTAT:NAMA_10_GDP(1.0),25/07/22 23:00:00,A,CLV10_MEUR,B1GQ,NO,2016,356514.3,
ESTAT:NAMA_10_GDP(1.0),25/07/22 23:00:00,A,CLV10_MEUR,B1GQ,NO,2017,364797.2,
ESTAT:NAMA_10_GDP(1.0),25/07/22 23:00:00,A,CLV10_MEUR,B1GQ,NO,2018,368878.6,
ESTAT:NAMA_10_GDP(1.0),25/07/22 23:00:00,A,CLV10_MEUR,B1GQ,NO,2019,371629.7,
ESTAT:NAMA_10_GDP(1.0),25/07/22 23:00:00,A,CLV10_MEUR,B1GQ,NO,2020,368964.4,
ESTAT:NAMA_10_GDP(1.0),25/07/22 23:00:00,A,CLV10_MEUR,B1GQ,NO,2021,383283.7,
ESTAT:NAMA_10_GDP(1.0),25/07/22 23:00:00,A,CLV10_MEUR,B1GQ,PL,1995,190792.4,
ESTAT:NAMA_10_GDP(1.0),25/07/22 23:00:00,A,CLV10_MEUR,B1GQ,PL,1996,202460.1,
ESTAT:NAMA_10_GDP(1.0),25/07/22 23:00:00,A,CLV10_MEUR,B1GQ,PL,1997,215516.9,
ESTAT:NAMA_10_GDP(1.0),25/07/22 23:00:00,A,CLV10_MEUR,B1GQ,PL,1998,225518.3,
ESTAT:NAMA_10_GDP(1.0),25/07/22 23:00:00,A,CLV10_MEUR,B1GQ,PL,1999,236015.7,
ESTAT:NAMA_10_GDP(1.0),25/07/22 23:00:00,A,CLV10_MEUR,B1GQ,PL,2000,246780.5,
ESTAT:NAMA_10_GDP(1.0),25/07/22 23:00:00,A,CLV10_MEUR,B1GQ,PL,2001,249886.2,
ESTAT:NAMA_10_GDP(1.0),25/07/22 23:00:00,A,CLV10_MEUR,B1GQ,PL,2002,254973.6,
ESTAT:NAMA_10_GDP(1.0),25/07/22 23:00:00,A,CLV10_MEUR,B1GQ,PL,2003,263893.6,
ESTAT:NAMA_10_GDP(1.0),25/07/22 23:00:00,A,CLV10_MEUR,B1GQ,PL,2004,277042.9,
ESTAT:NAMA_10_GDP(1.0),25/07/22 23:00:00,A,CLV10_MEUR,B1GQ,PL,2005,286758.4,
ESTAT:NAMA_10_GDP(1.0),25/07/22 23:00:00,A,CLV10_MEUR,B1GQ,PL,2006,304340.0,
ESTAT:NAMA_10_GDP(1.0),25/07/22 23:00:00,A,CLV10_MEUR,B1GQ,PL,2007,325831.1,
ESTAT:NAMA_10_GDP(1.0),25/07/22 23:00:00,A,CLV10_MEUR,B1GQ,PL,2008,339515.9,
ESTAT:NAMA_10_GDP(1.0),25/07/22 23:00:00,A,CLV10_MEUR,B1GQ,PL,2009,349131.6,
ESTAT:NAMA_10_GDP(1.0),25/07/22 23:00:00,A,CLV10_MEUR,B1GQ,PL,2010,362190.9,
ESTAT:NAMA_10_GDP(1.0),25/07/22 23:00:00,A,CLV10_MEUR,B1GQ,PL,2011,379422.6,
ESTAT:NAMA_10_GDP(1.0),25/07/22 23:00:00,A,CLV10_MEUR,B1GQ,PL,2012,384449.6,
ESTAT:NAMA_10_GDP(1.0),25/07/22 23:00:00,A,CLV10_MEUR,B1GQ,PL,2013,388777.6,
ESTAT:NAMA_10_GDP(1.0),25/07/22 23:00:00,A,CLV10_MEUR,B1GQ,PL,2014,401912.7,
ESTAT:NAMA_10_GDP(1.0),25/07/22 23:00:00,A,CLV10_MEUR,B1GQ,PL,2015,418939.1,
ESTAT:NAMA_10_GDP(1.0),25/07/22 23:00:00,A,CLV10_MEUR,B1GQ,PL,2016,432101.0,
ESTAT:NAMA_10_GDP(1.0),25/07/22 23:00:00,A,CLV10_MEUR,B1GQ,PL,2017,452974.3,
ESTAT:NAMA_10_GDP(1.0),25/07/22 23:00:00,A,CLV10_MEUR,B1GQ,PL,2018,477225.2,
ESTAT:NAMA_10_GDP(1.0),25/07/22 23:00:00,A,CLV10_MEUR,B1GQ,PL,2019,499869.3,
ESTAT:NAMA_10_GDP(1.0),25/07/22 23:00:00,A,CLV10_MEUR,B1GQ,PL,2020,489121.6,
ESTAT:NAMA_10_GDP(1.0),25/07/22 23:00:00,A,CLV10_MEUR,B1GQ,PL,2021,518179.1,
ESTAT:NAMA_10_GDP(1.0),25/07/22 23:00:00,A,CLV10_MEUR,B1GQ,PT,1995,136712.2,
ESTAT:NAMA_10_GDP(1.0),25/07/22 23:00:00,A,CLV10_MEUR,B1GQ,PT,1996,141502.9,
ESTAT:NAMA_10_GDP(1.0),25/07/22 23:00:00,A,CLV10_MEUR,B1GQ,PT,1997,147730.3,
ESTAT:NAMA_10_GDP(1.0),25/07/22 23:00:00,A,CLV10_MEUR,B1GQ,PT,1998,154833.1,
ESTAT:NAMA_10_GDP(1.0),25/07/22 23:00:00,A,CLV10_MEUR,B1GQ,PT,1999,160881.8,
ESTAT:NAMA_10_GDP(1.0),25/07/22 23:00:00,A,CLV10_MEUR,B1GQ,PT,2000,167021.3,
ESTAT:NAMA_10_GDP(1.0),25/07/22 23:00:00,A,CLV10_MEUR,B1GQ,PT,2001,170267.6,
ESTAT:NAMA_10_GDP(1.0),25/07/22 23:00:00,A,CLV10_MEUR,B1GQ,PT,2002,171580.3,
ESTAT:NAMA_10_GDP(1.0),25/07/22 23:00:00,A,CLV10_MEUR,B1GQ,PT,2003,169983.7,
ESTAT:NAMA_10_GDP(1.0),25/07/22 23:00:00,A,CLV10_MEUR,B1GQ,PT,2004,173024.2,
ESTAT:NAMA_10_GDP(1.0),25/07/22 23:00:00,A,CLV10_MEUR,B1GQ,PT,2005,174377.0,
ESTAT:NAMA_10_GDP(1.0),25/07/22 23:00:00,A,CLV10_MEUR,B1GQ,PT,2006,177210.7,
ESTAT:NAMA_10_GDP(1.0),25/07/22 23:00:00,A,CLV10_MEUR,B1GQ,PT,2007,181652.6,
ESTAT:NAMA_10_GDP(1.0),25/07/22 23:00:00,A,CLV10_MEUR,B1GQ,PT,2008,182232.6,
ESTAT:NAMA_10_GDP(1.0),25/07/22 23:00:00,A,CLV10_MEUR,B1GQ,PT,2009,176543.1,
ESTAT:NAMA_10_GDP(1.0),25/07/22 23:00:00,A,CLV10_MEUR,B1GQ,PT,2010,179610.8,
ESTAT:NAMA_10_GDP(1.0),25/07/22 23:00:00,A,CLV10_MEUR,B1GQ,PT,2011,176564.3,
ESTAT:NAMA_10_GDP(1.0),25/07/22 23:00:00,A,CLV10_MEUR,B1GQ,PT,2012,169400.6,
ESTAT:NAMA_10_GDP(1.0),25/07/22 23:00:00,A,CLV10_MEUR,B1GQ,PT,2013,167837.6,
ESTAT:NAMA_10_GDP(1.0),25/07/22 23:00:00,A,CLV10_MEUR,B1GQ,PT,2014,169167.2,
ESTAT:NAMA_10_GDP(1.0),25/07/22 23:00:00,A,CLV10_MEUR,B1GQ,PT,2015,172198.7,
ESTAT:NAMA_10_GDP(1.0),25/07/22 23:00:00,A,CLV10_MEUR,B1GQ,PT,2016,175676.3,
ESTAT:NAMA_10_GDP(1.0),25/07/22 23:00:00,A,CLV10_MEUR,B1GQ,PT,2017,181836.1,
ESTAT:NAMA_10_GDP(1.0),25/07/22 23:00:00,A,CLV10_MEUR,B1GQ,PT,2018,187017.2,
ESTAT:NAMA_10_GDP(1.0),25/07/22 23:00:00,A,CLV10_MEUR,B1GQ,PT,2019,192034.4,
ESTAT:NAMA_10_GDP(1.0),25/07/22 23:00:00,A,CLV10_MEUR,B1GQ,PT,2020,175822.0,p
ESTAT:NAMA_10_GDP(1.0),25/07/22 23:00:00,A,CLV10_MEUR,B1GQ,PT,2021,184409.2,p
ESTAT:NAMA_10_GDP(1.0),25/07/22 23:00:00,A,CLV10_MEUR,B1GQ,RO,1995,83899.5,
ESTAT:NAMA_10_GDP(1.0),25/07/22 23:00:00,A,CLV10_MEUR,B1GQ,RO,1996,87178.0,
ESTAT:NAMA_10_GDP(1.0),25/07/22 23:00:00,A,CLV10_MEUR,B1GQ,RO,1997,82950.7,
ESTAT:NAMA_10_GDP(1.0),25/07/22 23:00:00,A,CLV10_MEUR,B1GQ,RO,1998,81267.0,
ESTAT:NAMA_10_GDP(1.0),25/07/22 23:00:00,A,CLV10_MEUR,B1GQ,RO,1999,80960.8,
ESTAT:NAMA_10_GDP(1.0),25/07/22 23:00:00,A,CLV10_MEUR,B1GQ,RO,2000,82953.5,
ESTAT:NAMA_10_GDP(1.0),25/07/22 23:00:00,A,CLV10_MEUR,B1GQ,RO,2001,87282.1,
ESTAT:NAMA_10_GDP(1.0),25/07/22 23:00:00,A,CLV10_MEUR,B1GQ,RO,2002,92259.8,
ESTAT:NAMA_10_GDP(1.0),25/07/22 23:00:00,A,CLV10_MEUR,B1GQ,RO,2003,94419.8,
ESTAT:NAMA_10_GDP(1.0),25/07/22 23:00:00,A,CLV10_MEUR,B1GQ,RO,2004,104266.0,
ESTAT:NAMA_10_GDP(1.0),25/07/22 23:00:00,A,CLV10_MEUR,B1GQ,RO,2005,109133.3,
ESTAT:NAMA_10_GDP(1.0),25/07/22 23:00:00,A,CLV10_MEUR,B1GQ,RO,2006,117895.4,
ESTAT:NAMA_10_GDP(1.0),25/07/22 23:00:00,A,CLV10_MEUR,B1GQ,RO,2007,126423.7,
ESTAT:NAMA_10_GDP(1.0),25/07/22 23:00:00,A,CLV10_MEUR,B1GQ,RO,2008,138190.5,
ESTAT:NAMA_10_GDP(1.0),25/07/22 23:00:00,A,CLV10_MEUR,B1GQ,RO,2009,130566.0,
ESTAT:NAMA_10_GDP(1.0),25/07/22 23:00:00,A,CLV10_MEUR,B1GQ,RO,2010,125472.3,
ESTAT:NAMA_10_GDP(1.0),25/07/22 23:00:00,A,CLV10_MEUR,B1GQ,RO,2011,127863.9,
ESTAT:NAMA_10_GDP(1.0),25/07/22 23:00:00,A,CLV10_MEUR,B1GQ,RO,2012,130473.2,
ESTAT:NAMA_10_GDP(1.0),25/07/22 23:00:00,A,CLV10_MEUR,B1GQ,RO,2013,135393.3,
ESTAT:NAMA_10_GDP(1.0),25/07/22 23:00:00,A,CLV10_MEUR,B1GQ,RO,2014,140279.2,
ESTAT:NAMA_10_GDP(1.0),25/07/22 23:00:00,A,CLV10_MEUR,B1GQ,RO,2015,144422.6,
ESTAT:NAMA_10_GDP(1.0),25/07/22 23:00:00,A,CLV10_MEUR,B1GQ,RO,2016,151214.8,
ESTAT:NAMA_10_GDP(1.0),25/07/22 23:00:00,A,CLV10_MEUR,B1GQ,RO,2017,162282.9,
ESTAT:NAMA_10_GDP(1.0),25/07/22 23:00:00,A,CLV10_MEUR,B1GQ,RO,2018,169544.3,
ESTAT:NAMA_10_GDP(1.0),25/07/22 23:00:00,A,CLV10_MEUR,B1GQ,RO,2019,176645.3,
ESTAT:NAMA_10_GDP(1.0),25/07/22 23:00:00,A,CLV10_MEUR,B1GQ,RO,2020,170024.7,p
ESTAT:NAMA_10_GDP(1.0),25/07/22 23:00:00,A,CLV10_MEUR,B1GQ,RO,2021,180021.6,
ESTAT:NAMA_10_GDP(1.0),25/07/22 23:00:00,A,CLV10_MEUR,B1GQ,RS,1995,17624.5,
ESTAT:NAMA_10_GDP(1.0),25/07/22 23:00:00,A,CLV10_MEUR,B1GQ,RS,1996,18728.5,
ESTAT:NAMA_10_GDP(1.0),25/07/22 23:00:00,A,CLV10_MEUR,B1GQ,RS,1997,20078.4,
ESTAT:NAMA_10_GDP(1.0),25/07/22 23:00:00,A,CLV10_MEUR,B1GQ,RS,1998,20749.2,
ESTAT:NAMA_10_GDP(1.0),25/07/22 23:00:00,A,CLV10_MEUR,B1GQ,RS,1999,18793.7,
ESTAT:NAMA_10_GDP(1.0),25/07/22 23:00:00,A,CLV10_MEUR,B1GQ,RS,2000,19946.1,
ESTAT:NAMA_10_GDP(1.0),25/07/22 23:00:00,A,CLV10_MEUR,B1GQ,RS,2001,21318.2,
ESTAT:NAMA_10_GDP(1.0),25/07/22 23:00:00,A,CLV10_MEUR,B1GQ,RS,2002,22678.4,
ESTAT:NAMA_10_GDP(1.0),25/07/22 23:00:00,A,CLV10_MEUR,B1GQ,RS,2003,23673.4,
ESTAT:NAMA_10_GDP(1.0),25/07/22 23:00:00,A,CLV10_MEUR,B1GQ,RS,2004,25810.7,
ESTAT:NAMA_10_GDP(1.0),25/07/22 23:00:00,A,CLV10_MEUR,B1GQ,RS,2005,27238.1,
ESTAT:NAMA_10_GDP(1.0),25/07/22 23:00:00,A,CLV10_MEUR,B1GQ,RS,2006,28629.4,
ESTAT:NAMA_10_GDP(1.0),25/07/22 23:00:00,A,CLV10_MEUR,B1GQ,RS,2007,30473.0,
ESTAT:NAMA_10_GDP(1.0),25/07/22 23:00:00,A,CLV10_MEUR,B1GQ,RS,2008,32196.4,
ESTAT:NAMA_10_GDP(1.0),25/07/22 23:00:00,A,CLV10_MEUR,B1GQ,RS,2009,31316.9,
ESTAT:NAMA_10_GDP(1.0),25/07/22 23:00:00,A,CLV10_MEUR,B1GQ,RS,2010,31545.8,
ESTAT:NAMA_10_GDP(1.0),25/07/22 23:00:00,A,CLV10_MEUR,B1GQ,RS,2011,32188.2,
ESTAT:NAMA_10_GDP(1.0),25/07/22 23:00:00,A,CLV10_MEUR,B1GQ,RS,2012,31968.8,
ESTAT:NAMA_10_GDP(1.0),25/07/22 23:00:00,A,CLV10_MEUR,B1GQ,RS,2013,32893.6,
ESTAT:NAMA_10_GDP(1.0),25/07/22 23:00:00,A,CLV10_MEUR,B1GQ,RS,2014,32370.7,
ESTAT:NAMA_10_GDP(1.0),25/07/22 23:00:00,A,CLV10_MEUR,B1GQ,RS,2015,32955.4,
ESTAT:NAMA_10_GDP(1.0),25/07/22 23:00:00,A,CLV10_MEUR,B1GQ,RS,2016,34055.6,
ESTAT:NAMA_10_GDP(1.0),25/07/22 23:00:00,A,CLV10_MEUR,B1GQ,RS,2017,34771.2,
ESTAT:NAMA_10_GDP(1.0),25/07/22 23:00:00,A,CLV10_MEUR,B1GQ,RS,2018,36334.2,
ESTAT:NAMA_10_GDP(1.0),25/07/22 23:00:00,A,CLV10_MEUR,B1GQ,RS,2019,37908.1,
ESTAT:NAMA_10_GDP(1.0),25/07/22 23:00:00,A,CLV10_MEUR,B1GQ,RS,2020,37550.0,
ESTAT:NAMA_10_GDP(1.0),25/07/22 23:00:00,A,CLV10_MEUR,B1GQ,RS,2021,40324.7,p
ESTAT:NAMA_10_GDP(1.0),25/07/22 23:00:00,A,CLV10_MEUR,B1GQ,SE,1993,233869.3,
ESTAT:NAMA_10_GDP(1.0),25/07/22 23:00:00,A,CLV10_MEUR,B1GQ,SE,1994,243060.3,
ESTAT:NAMA_10_GDP(1.0),25/07/22 23:00:00,A,CLV10_MEUR,B1GQ,SE,1995,252625.2,
ESTAT:NAMA_10_GDP(1.0),25/07/22 23:00:00,A,CLV10_MEUR,B1GQ,SE,1996,256615.3,
ESTAT:NAMA_10_GDP(1.0),25/07/22 23:00:00,A,CLV10_MEUR,B1GQ,SE,1997,264494.7,
ESTAT:NAMA_10_GDP(1.0),25/07/22 23:00:00,A,CLV10_MEUR,B1GQ,SE,1998,275899.3,
ESTAT:NAMA_10_GDP(1.0),25/07/22 23:00:00,A,CLV10_MEUR,B1GQ,SE,1999,287617.3,
ESTAT:NAMA_10_GDP(1.0),25/07/22 23:00:00,A,CLV10_MEUR,B1GQ,SE,2000,301326.1,
ESTAT:NAMA_10_GDP(1.0),25/07/22 23:00:00,A,CLV10_MEUR,B1GQ,SE,2001,305693.8,
ESTAT:NAMA_10_GDP(1.0),25/07/22 23:00:00,A,CLV10_MEUR,B1GQ,SE,2002,312409.7,
ESTAT:NAMA_10_GDP(1.0),25/07/22 23:00:00,A,CLV10_MEUR,B1GQ,SE,2003,319625.7,
ESTAT:NAMA_10_GDP(1.0),25/07/22 23:00:00,A,CLV10_MEUR,B1GQ,SE,2004,333487.4,
ESTAT:NAMA_10_GDP(1.0),25/07/22 23:00:00,A,CLV10_MEUR,B1GQ,SE,2005,343021.2,
ESTAT:NAMA_10_GDP(1.0),25/07/22 23:00:00,A,CLV10_MEUR,B1GQ,SE,2006,359015.5,
ESTAT:NAMA_10_GDP(1.0),25/07/22 23:00:00,A,CLV10_MEUR,B1GQ,SE,2007,371362.8,
ESTAT:NAMA_10_GDP(1.0),25/07/22 23:00:00,A,CLV10_MEUR,B1GQ,SE,2008,369689.6,
ESTAT:NAMA_10_GDP(1.0),25/07/22 23:00:00,A,CLV10_MEUR,B1GQ,SE,2009,353645.9,
ESTAT:NAMA_10_GDP(1.0),25/07/22 23:00:00,A,CLV10_MEUR,B1GQ,SE,2010,374695.2,
ESTAT:NAMA_10_GDP(1.0),25/07/22 23:00:00,A,CLV10_MEUR,B1GQ,SE,2011,386668.0,
ESTAT:NAMA_10_GDP(1.0),25/07/22 23:00:00,A,CLV10_MEUR,B1GQ,SE,2012,384393.2,
ESTAT:NAMA_10_GDP(1.0),25/07/22 23:00:00,A,CLV10_MEUR,B1GQ,SE,2013,388959.0,
ESTAT:NAMA_10_GDP(1.0),25/07/22 23:00:00,A,CLV10_MEUR,B1GQ,SE,2014,399296.7,
ESTAT:NAMA_10_GDP(1.0),25/07/22 23:00:00,A,CLV10_MEUR,B1GQ,SE,2015,417222.3,
ESTAT:NAMA_10_GDP(1.0),25/07/22 23:00:00,A,CLV10_MEUR,B1GQ,SE,2016,425861.2,
ESTAT:NAMA_10_GDP(1.0),25/07/22 23:00:00,A,CLV10_MEUR,B1GQ,SE,2017,436797.0,
ESTAT:NAMA_10_GDP(1.0),25/07/22 23:00:00,A,CLV10_MEUR,B1GQ,SE,2018,445314.7,
ESTAT:NAMA_10_GDP(1.0),25/07/22 23:00:00,A,CLV10_MEUR,B1GQ,SE,2019,454159.5,
ESTAT:NAMA_10_GDP(1.0),25/07/22 23:00:00,A,CLV10_MEUR,B1GQ,SE,2020,444303.3,
ESTAT:NAMA_10_GDP(1.0),25/07/22 23:00:00,A,CLV10_MEUR,B1GQ,SE,2021,467107.4,
ESTAT:NAMA_10_GDP(1.0),25/07/22 23:00:00,A,CLV10_MEUR,B1GQ,SI,1995,22749.9,
ESTAT:NAMA_10_GDP(1.0),25/07/22 23:00:00,A,CLV10_MEUR,B1GQ,SI,1996,23478.6,
ESTAT:NAMA_10_GDP(1.0),25/07/22 23:00:00,A,CLV10_MEUR,B1GQ,SI,1997,24664.2,
ESTAT:NAMA_10_GDP(1.0),25/07/22 23:00:00,A,CLV10_MEUR,B1GQ,SI,1998,25473.0,
ESTAT:NAMA_10_GDP(1.0),25/07/22 23:00:00,A,CLV10_MEUR,B1GQ,SI,1999,26831.4,
ESTAT:NAMA_10_GDP(1.0),25/07/22 23:00:00,A,CLV10_MEUR,B1GQ,SI,2000,27816.8,
ESTAT:NAMA_10_GDP(1.0),25/07/22 23:00:00,A,CLV10_MEUR,B1GQ,SI,2001,28711.5,
ESTAT:NAMA_10_GDP(1.0),25/07/22 23:00:00,A,CLV10_MEUR,B1GQ,SI,2002,29718.0,
ESTAT:NAMA_10_GDP(1.0),25/07/22 23:00:00,A,CLV10_MEUR,B1GQ,SI,2003,30597.7,
ESTAT:NAMA_10_GDP(1.0),25/07/22 23:00:00,A,CLV10_MEUR,B1GQ,SI,2004,31931.6,
ESTAT:NAMA_10_GDP(1.0),25/07/22 23:00:00,A,CLV10_MEUR,B1GQ,SI,2005,33144.3,
ESTAT:NAMA_10_GDP(1.0),25/07/22 23:00:00,A,CLV10_MEUR,B1GQ,SI,2006,35048.9,
ESTAT:NAMA_10_GDP(1.0),25/07/22 23:00:00,A,CLV10_MEUR,B1GQ,SI,2007,37495.4,
ESTAT:NAMA_10_GDP(1.0),25/07/22 23:00:00,A,CLV10_MEUR,B1GQ,SI,2008,38811.4,
ESTAT:NAMA_10_GDP(1.0),25/07/22 23:00:00,A,CLV10_MEUR,B1GQ,SI,2009,35881.7,
ESTAT:NAMA_10_GDP(1.0),25/07/22 23:00:00,A,CLV10_MEUR,B1GQ,SI,2010,36363.9,
ESTAT:NAMA_10_GDP(1.0),25/07/22 23:00:00,A,CLV10_MEUR,B1GQ,SI,2011,36677.1,
ESTAT:NAMA_10_GDP(1.0),25/07/22 23:00:00,A,CLV10_MEUR,B1GQ,SI,2012,35709.1,
ESTAT:NAMA_10_GDP(1.0),25/07/22 23:00:00,A,CLV10_MEUR,B1GQ,SI,2013,35341.5,
ESTAT:NAMA_10_GDP(1.0),25/07/22 23:00:00,A,CLV10_MEUR,B1GQ,SI,2014,36319.8,
ESTAT:NAMA_10_GDP(1.0),25/07/22 23:00:00,A,CLV10_MEUR,B1GQ,SI,2015,37122.5,
ESTAT:NAMA_10_GDP(1.0),25/07/22 23:00:00,A,CLV10_MEUR,B1GQ,SI,2016,38307.4,
ESTAT:NAMA_10_GDP(1.0),25/07/22 23:00:00,A,CLV10_MEUR,B1GQ,SI,2017,40152.1,
ESTAT:NAMA_10_GDP(1.0),25/07/22 23:00:00,A,CLV10_MEUR,B1GQ,SI,2018,41927.8,
ESTAT:NAMA_10_GDP(1.0),25/07/22 23:00:00,A,CLV10_MEUR,B1GQ,SI,2019,43290.7,
ESTAT:NAMA_10_GDP(1.0),25/07/22 23:00:00,A,CLV10_MEUR,B1GQ,SI,2020,41459.8,
ESTAT:NAMA_10_GDP(1.0),25/07/22 23:00:00,A,CLV10_MEUR,B1GQ,SI,2021,44824.1,
ESTAT:NAMA_10_GDP(1.0),25/07/22 23:00:00,A,CLV10_MEUR,B1GQ,SK,1995,35367.0,
ESTAT:NAMA_10_GDP(1.0),25/07/22 23:00:00,A,CLV10_MEUR,B1GQ,SK,1996,37708.3,
ESTAT:NAMA_10_GDP(1.0),25/07/22 23:00:00,A,CLV10_MEUR,B1GQ,SK,1997,39942.8,
ESTAT:NAMA_10_GDP(1.0),25/07/22 23:00:00,A,CLV10_MEUR,B1GQ,SK,1998,41570.9,
ESTAT:NAMA_10_GDP(1.0),25/07/22 23:00:00,A,CLV10_MEUR,B1GQ,SK,1999,41526.9,
ESTAT:NAMA_10_GDP(1.0),25/07/22 23:00:00,A,CLV10_MEUR,B1GQ,SK,2000,42011.3,
ESTAT:NAMA_10_GDP(1.0),25/07/22 23:00:00,A,CLV10_MEUR,B1GQ,SK,2001,43378.3,
ESTAT:NAMA_10_GDP(1.0),25/07/22 23:00:00,A,CLV10_MEUR,B1GQ,SK,2002,45334.4,
ESTAT:NAMA_10_GDP(1.0),25/07/22 23:00:00,A,CLV10_MEUR,B1GQ,SK,2003,47827.4,
ESTAT:NAMA_10_GDP(1.0),25/07/22 23:00:00,A,CLV10_MEUR,B1GQ,SK,2004,50352.1,
ESTAT:NAMA_10_GDP(1.0),25/07/22 23:00:00,A,CLV10_MEUR,B1GQ,SK,2005,53687.2,
ESTAT:NAMA_10_GDP(1.0),25/07/22 23:00:00,A,CLV10_MEUR,B1GQ,SK,2006,58246.9,
ESTAT:NAMA_10_GDP(1.0),25/07/22 23:00:00,A,CLV10_MEUR,B1GQ,SK,2007,64556.2,
ESTAT:NAMA_10_GDP(1.0),25/07/22 23:00:00,A,CLV10_MEUR,B1GQ,SK,2008,68155.2,
ESTAT:NAMA_10_GDP(1.0),25/07/22 23:00:00,A,CLV10_MEUR,B1GQ,SK,2009,64436.9,
ESTAT:NAMA_10_GDP(1.0),25/07/22 23:00:00,A,CLV10_MEUR,B1GQ,SK,2010,68492.1,
ESTAT:NAMA_10_GDP(1.0),25/07/22 23:00:00,A,CLV10_MEUR,B1GQ,SK,2011,70298.6,
ESTAT:NAMA_10_GDP(1.0),25/07/22 23:00:00,A,CLV10_MEUR,B1GQ,SK,2012,71253.4,
ESTAT:NAMA_10_GDP(1.0),25/07/22 23:00:00,A,CLV10_MEUR,B1GQ,SK,2013,71719.9,
ESTAT:NAMA_10_GDP(1.0),25/07/22 23:00:00,A,CLV10_MEUR,B1GQ,SK,2014,73673.8,
ESTAT:NAMA_10_GDP(1.0),25/07/22 23:00:00,A,CLV10_MEUR,B1GQ,SK,2015,77516.4,
ESTAT:NAMA_10_GDP(1.0),25/07/22 23:00:00,A,CLV10_MEUR,B1GQ,SK,2016,79013.8,
ESTAT:NAMA_10_GDP(1.0),25/07/22 23:00:00,A,CLV10_MEUR,B1GQ,SK,2017,81368.5,
ESTAT:NAMA_10_GDP(1.0),25/07/22 23:00:00,A,CLV10_MEUR,B1GQ,SK,2018,84456.0,
ESTAT:NAMA_10_GDP(1.0),25/07/22 23:00:00,A,CLV10_MEUR,B1GQ,SK,2019,86656.4,
ESTAT:NAMA_10_GDP(1.0),25/07/22 23:00:00,A,CLV10_MEUR,B1GQ,SK,2020,82879.2,
ESTAT:NAMA_10_GDP(1.0),25/07/22 23:00:00,A,CLV10_MEUR,B1GQ,SK,2021,85382.6,
ESTAT:NAMA_10_GDP(1.0),25/07/22 23:00:00,A,CLV10_MEUR,B1GQ,TR,1998,380954.8,
ESTAT:NAMA_10_GDP(1.0),25/07/22 23:00:00,A,CLV10_MEUR,B1GQ,TR,1999,368523.6,
ESTAT:NAMA_10_GDP(1.0),25/07/22 23:00:00,A,CLV10_MEUR,B1GQ,TR,2000,394074.3,
ESTAT:NAMA_10_GDP(1.0),25/07/22 23:00:00,A,CLV10_MEUR,B1GQ,TR,2001,371415.0,
ESTAT:NAMA_10_GDP(1.0),25/07/22 23:00:00,A,CLV10_MEUR,B1GQ,TR,2002,395362.8,
ESTAT:NAMA_10_GDP(1.0),25/07/22 23:00:00,A,CLV10_MEUR,B1GQ,TR,2003,418148.3,
ESTAT:NAMA_10_GDP(1.0),25/07/22 23:00:00,A,CLV10_MEUR,B1GQ,TR,2004,459109.9,
ESTAT:NAMA_10_GDP(1.0),25/07/22 23:00:00,A,CLV10_MEUR,B1GQ,TR,2005,500394.5,
ESTAT:NAMA_10_GDP(1.0),25/07/22 23:00:00,A,CLV10_MEUR,B1GQ,TR,2006,535161.8,
ESTAT:NAMA_10_GDP(1.0),25/07/22 23:00:00,A,CLV10_MEUR,B1GQ,TR,2007,562152.7,
ESTAT:NAMA_10_GDP(1.0),25/07/22 23:00:00,A,CLV10_MEUR,B1GQ,TR,2008,566734.4,
ESTAT:NAMA_10_GDP(1.0),25/07/22 23:00:00,A,CLV10_MEUR,B1GQ,TR,2009,539399.9,
ESTAT:NAMA_10_GDP(1.0),25/07/22 23:00:00,A,CLV10_MEUR,B1GQ,TR,2010,584855.7,
ESTAT:NAMA_10_GDP(1.0),25/07/22 23:00:00,A,CLV10_MEUR,B1GQ,TR,2011,650360.2,
ESTAT:NAMA_10_GDP(1.0),25/07/22 23:00:00,A,CLV10_MEUR,B1GQ,TR,2012,681502.7,
ESTAT:NAMA_10_GDP(1.0),25/07/22 23:00:00,A,CLV10_MEUR,B1GQ,TR,2013,739333.7,
ESTAT:NAMA_10_GDP(1.0),25/07/22 23:00:00,A,CLV10_MEUR,B1GQ,TR,2014,775854.7,
ESTAT:NAMA_10_GDP(1.0),25/07/22 23:00:00,A,CLV10_MEUR,B1GQ,TR,2015,823061.5,
ESTAT:NAMA_10_GDP(1.0),25/07/22 23:00:00,A,CLV10_MEUR,B1GQ,TR,2016,850412.5,
ESTAT:NAMA_10_GDP(1.0),25/07/22 23:00:00,A,CLV10_MEUR,B1GQ,TR,2017,914210.5,
ESTAT:NAMA_10_GDP(1.0),25/07/22 23:00:00,A,CLV10_MEUR,B1GQ,TR,2018,941452.9,
ESTAT:NAMA_10_GDP(1.0),25/07/22 23:00:00,A,CLV10_MEUR,B1GQ,TR,2019,949827.9,
ESTAT:NAMA_10_GDP(1.0),25/07/22 23:00:00,A,CLV10_MEUR,B1GQ,TR,2020,966863.6,
ESTAT:NAMA_10_GDP(1.0),25/07/22 23:00:00,A,CLV10_MEUR,B1GQ,TR,2021,1073084.9,p
ESTAT:NAMA_10_GDP(1.0),25/07/22 23:00:00,A,CLV10_MEUR,B1GQ,UK,1975,831793.3,
ESTAT:NAMA_10_GDP(1.0),25/07/22 23:00:00,A,CLV10_MEUR,B1GQ,UK,1976,856000.7,
ESTAT:NAMA_10_GDP(1.0),25/07/22 23:00:00,A,CLV10_MEUR,B1GQ,UK,1977,877039.1,
ESTAT:NAMA_10_GDP(1.0),25/07/22 23:00:00,A,CLV10_MEUR,B1GQ,UK,1978,913912.1,
ESTAT:NAMA_10_GDP(1.0),25/07/22 23:00:00,A,CLV10_MEUR,B1GQ,UK,1979,948174.8,
ESTAT:NAMA_10_GDP(1.0),25/07/22 23:00:00,A,CLV10_MEUR,B1GQ,UK,1980,928913.9,
ESTAT:NAMA_10_GDP(1.0),25/07/22 23:00:00,A,CLV10_MEUR,B1GQ,UK,1981,921596.4,
ESTAT:NAMA_10_GDP(1.0),25/07/22 23:00:00,A,CLV10_MEUR,B1GQ,UK,1982,939981.3,
ESTAT:NAMA_10_GDP(1.0),25/07/22 23:00:00,A,CLV10_MEUR,B1GQ,UK,1983,979665.9,
ESTAT:NAMA_10_GDP(1.0),25/07/22 23:00:00,A,CLV10_MEUR,B1GQ,UK,1984,1001895.6,
ESTAT:NAMA_10_GDP(1.0),25/07/22 23:00:00,A,CLV10_MEUR,B1GQ,UK,1985,1043448.3,
ESTAT:NAMA_10_GDP(1.0),25/07/22 23:00:00,A,CLV10_MEUR,B1GQ,UK,1986,1076320.5,
ESTAT:NAMA_10_GDP(1.0),25/07/22 23:00:00,A,CLV10_MEUR,B1GQ,UK,1987,1134363.7,
ESTAT:NAMA_10_GDP(1.0),25/07/22 23:00:00,A,CLV10_MEUR,B1GQ,UK,1988,1199390.1,
ESTAT:NAMA_10_GDP(1.0),25/07/22 23:00:00,A,CLV10_MEUR,B1GQ,UK,1989,1230305.6,
ESTAT:NAMA_10_GDP(1.0),25/07/22 23:00:00,A,CLV10_MEUR,B1GQ,UK,1990,1239333.0,
ESTAT:NAMA_10_GDP(1.0),25/07/22 23:00:00,A,CLV10_MEUR,B1GQ,UK,1991,1225661.7,
ESTAT:NAMA_10_GDP(1.0),25/07/22 23:00:00,A,CLV10_MEUR,B1GQ,UK,1992,1230577.6,
ESTAT:NAMA_10_GDP(1.0),25/07/22 23:00:00,A,CLV10_MEUR,B1GQ,UK,1993,1261216.9,
ESTAT:NAMA_10_GDP(1.0),25/07/22 23:00:00,A,CLV10_MEUR,B1GQ,UK,1994,1309723.4,
ESTAT:NAMA_10_GDP(1.0),25/07/22 23:00:00,A,CLV10_MEUR,B1GQ,UK,1995,1339240.6,
ESTAT:NAMA_10_GDP(1.0),25/07/22 23:00:00,A,CLV10_MEUR,B1GQ,UK,1996,1372609.3,
ESTAT:NAMA_10_GDP(1.0),25/07/22 23:00:00,A,CLV10_MEUR,B1GQ,UK,1997,1440900.7,
ESTAT:NAMA_10_GDP(1.0),25/07/22 23:00:00,A,CLV10_MEUR,B1GQ,UK,1998,1494326.0,
ESTAT:NAMA_10_GDP(1.0),25/07/22 23:00:00,A,CLV10_MEUR,B1GQ,UK,1999,1543567.0,
ESTAT:NAMA_10_GDP(1.0),25/07/22 23:00:00,A,CLV10_MEUR,B1GQ,UK,2000,1597687.8,
ESTAT:NAMA_10_GDP(1.0),25/07/22 23:00:00,A,CLV10_MEUR,B1GQ,UK,2001,1641310.1,
ESTAT:NAMA_10_GDP(1.0),25/07/22 23:00:00,A,CLV10_MEUR,B1GQ,UK,2002,1677070.0,
ESTAT:NAMA_10_GDP(1.0),25/07/22 23:00:00,A,CLV10_MEUR,B1GQ,UK,2003,1732780.3,
ESTAT:NAMA_10_GDP(1.0),25/07/22 23:00:00,A,CLV10_MEUR,B1GQ,UK,2004,1772396.5,
ESTAT:NAMA_10_GDP(1.0),25/07/22 23:00:00,A,CLV10_MEUR,B1GQ,UK,2005,1824783.1,
ESTAT:NAMA_10_GDP(1.0),25/07/22 23:00:00,A,CLV10_MEUR,B1GQ,UK,2006,1873939.1,
ESTAT:NAMA_10_GDP(1.0),25/07/22 23:00:00,A,CLV10_MEUR,B1GQ,UK,2007,1918174.8,
ESTAT:NAMA_10_GDP(1.0),25/07/22 23:00:00,A,CLV10_MEUR,B1GQ,UK,2008,1912827.3,
ESTAT:NAMA_10_GDP(1.0),25/07/22 23:00:00,A,CLV10_MEUR,B1GQ,UK,2009,1834134.6,
ESTAT:NAMA_10_GDP(1.0),25/07/22 23:00:00,A,CLV10_MEUR,B1GQ,UK,2010,1872175.5,
ESTAT:NAMA_10_GDP(1.0),25/07/22 23:00:00,A,CLV10_MEUR,B1GQ,UK,2011,1896059.0,
ESTAT:NAMA_10_GDP(1.0),25/07/22 23:00:00,A,CLV10_MEUR,B1GQ,UK,2012,1923180.1,
ESTAT:NAMA_10_GDP(1.0),25/07/22 23:00:00,A,CLV10_MEUR,B1GQ,UK,2013,1965223.0,
ESTAT:NAMA_10_GDP(1.0),25/07/22 23:00:00,A,CLV10_MEUR,B1GQ,UK,2014,2021482.0,
ESTAT:NAMA_10_GDP(1.0),25/07/22 23:00:00,A,CLV10_MEUR,B1GQ,UK,2015,2069251.0,
ESTAT:NAMA_10_GDP(1.0),25/07/22 23:00:00,A,CLV10_MEUR,B1GQ,UK,2016,2104891.5,
ESTAT:NAMA_10_GDP(1.0),25/07/22 23:00:00,A,CLV10_MEUR,B1GQ,UK,2017,2141523.2,
ESTAT:NAMA_10_GDP(1.0),25/07/22 23:00:00,A,CLV10_MEUR,B1GQ,UK,2018,2168347.7,
ESTAT:NAMA_10_GDP(1.0),25/07/22 23:00:00,A,CLV10_MEUR,B1GQ,UK,2019,2198071.7,
ESTAT:NAMA_10_GDP(1.0),25/07/22 23:00:00,A,CLV10_MEUR,B1GQ,XK,2008,3657.1,
ESTAT:NAMA_10_GDP(1.0),25/07/22 23:00:00,A,CLV10_MEUR,B1GQ,XK,2009,3841.2,
ESTAT:NAMA_10_GDP(1.0),25/07/22 23:00:00,A,CLV10_MEUR,B1GQ,XK,2010,4031.0,
ESTAT:NAMA_10_GDP(1.0),25/07/22 23:00:00,A,CLV10_MEUR,B1GQ,XK,2011,4285.7,
ESTAT:NAMA_10_GDP(1.0),25/07/22 23:00:00,A,CLV10_MEUR,B1GQ,XK,2012,4359.1,
ESTAT:NAMA_10_GDP(1.0),25/07/22 23:00:00,A,CLV10_MEUR,B1GQ,XK,2013,4591.9,
ESTAT:NAMA_10_GDP(1.0),25/07/22 23:00:00,A,CLV10_MEUR,B1GQ,XK,2014,4745.7,
ESTAT:NAMA_10_GDP(1.0),25/07/22 23:00:00,A,CLV10_MEUR,B1GQ,XK,2015,5026.5,
ESTAT:NAMA_10_GDP(1.0),25/07/22 23:00:00,A,CLV10_MEUR,B1GQ,XK,2016,5306.5,
ESTAT:NAMA_10_GDP(1.0),25/07/22 23:00:00,A,CLV10_MEUR,B1GQ,XK,2017,5562.6,
ESTAT:NAMA_10_GDP(1.0),25/07/22 23:00:00,A,CLV10_MEUR,B1GQ,XK,2018,5752.1,
ESTAT:NAMA_10_GDP(1.0),25/07/22 23:00:00,A,CLV10_MEUR,B1GQ,XK,2019,6025.7,
ESTAT:NAMA_10_GDP(1.0),25/07/22 23:00:00,A,CLV10_MEUR,B1GQ,XK,2020,5703.9,
ESTAT:NAMA_10_GDP(1.0),25/07/22 23:00:00,A,CLV10_MEUR,B1GQ,XK,2021,6304.5,p
